LOCATION,INDICATOR,SUBJECT,MEASURE,FREQUENCY,TIME,Value,Flag Codes
Luxembourg,ROADACCID,DEATH,1000000HAB,A,1994,163.8021964,
Luxembourg,ROADACCID,DEATH,1000000HAB,A,1995,171.3062099,
Luxembourg,ROADACCID,DEATH,1000000HAB,A,1996,171.40443,
Luxembourg,ROADACCID,DEATH,1000000HAB,A,1997,143.044463,
Luxembourg,ROADACCID,DEATH,1000000HAB,A,1998,134.2123852,
Luxembourg,ROADACCID,DEATH,1000000HAB,A,1999,134.7348859,
Luxembourg,ROADACCID,DEATH,1000000HAB,A,2000,174.1920697,
Luxembourg,ROADACCID,DEATH,1000000HAB,A,2001,158.5414189,
Luxembourg,ROADACCID,DEATH,1000000HAB,A,2002,138.9589287,
Luxembourg,ROADACCID,DEATH,1000000HAB,A,2003,117.3527002,
Luxembourg,ROADACCID,DEATH,1000000HAB,A,2004,109.1476659,
Luxembourg,ROADACCID,DEATH,1000000HAB,A,2005,101.0409366,
Luxembourg,ROADACCID,DEATH,1000000HAB,A,2006,90.97891193,
Luxembourg,ROADACCID,DEATH,1000000HAB,A,2007,93.75136721,
Luxembourg,ROADACCID,DEATH,1000000HAB,A,2008,71.62590811,
Luxembourg,ROADACCID,DEATH,1000000HAB,A,2009,96.4275598,
Luxembourg,ROADACCID,DEATH,1000000HAB,A,2010,63.12222238,
Luxembourg,ROADACCID,DEATH,1000000HAB,A,2011,63.66391626,
Luxembourg,ROADACCID,DEATH,1000000HAB,A,2012,64.03664403,
Luxembourg,ROADACCID,DEATH,1000000HAB,A,2013,82.8180212,
Luxembourg,ROADACCID,DEATH,1000000HAB,A,2014,62.91354421,
Luxembourg,ROADACCID,DEATH,1000000HAB,A,2015,63.20180336,
Luxembourg,ROADACCID,DEATH,1000000HAB,A,2016,54.98149529,
Luxembourg,ROADACCID,DEATH,1000000HAB,A,2017,58.69174425,
Luxembourg,ROADACCID,DEATH,1000000HAB,A,2018,59.215396,
Great Britain,ROADACCID,DEATH,1000000HAB,A,1994,65.79021838,
Great Britain,ROADACCID,DEATH,1000000HAB,A,1995,64.89250165,
Great Britain,ROADACCID,DEATH,1000000HAB,A,1996,64.29768107,
Great Britain,ROADACCID,DEATH,1000000HAB,A,1997,64.18373635,
Great Britain,ROADACCID,DEATH,1000000HAB,A,1998,61.22713367,
Great Britain,ROADACCID,DEATH,1000000HAB,A,1999,60.73364402,
Great Britain,ROADACCID,DEATH,1000000HAB,A,2000,60.78871077,
Great Britain,ROADACCID,DEATH,1000000HAB,A,2001,60.8596059,
Great Britain,ROADACCID,DEATH,1000000HAB,A,2002,60.31617161,
Great Britain,ROADACCID,DEATH,1000000HAB,A,2003,61.3268834,
Great Britain,ROADACCID,DEATH,1000000HAB,A,2004,56.14465116,
Great Britain,ROADACCID,DEATH,1000000HAB,A,2005,55.23068529,
Great Britain,ROADACCID,DEATH,1000000HAB,A,2006,54.20168219,
Great Britain,ROADACCID,DEATH,1000000HAB,A,2007,49.8838411,
Great Britain,ROADACCID,DEATH,1000000HAB,A,2008,42.79450894,
Great Britain,ROADACCID,DEATH,1000000HAB,A,2009,37.52633226,
Great Britain,ROADACCID,DEATH,1000000HAB,A,2010,30.35065038,
Great Britain,ROADACCID,DEATH,1000000HAB,A,2011,30.9838266,
Great Britain,ROADACCID,DEATH,1000000HAB,A,2012,28.28875852,
Great Britain,ROADACCID,DEATH,1000000HAB,A,2013,27.6009304,
Great Britain,ROADACCID,DEATH,1000000HAB,A,2014,28.69866951,
Great Britain,ROADACCID,DEATH,1000000HAB,A,2015,27.70431127,
Great Britain,ROADACCID,DEATH,1000000HAB,A,2016,28.34864869,
Great Britain,ROADACCID,DEATH,1000000HAB,A,2017,28.09615588,
Great Britain,ROADACCID,DEATH,1000000HAB,A,2018,27.64054306,P
Lithuania,ROADACCID,DEATH,1000000HAB,A,1994,209.1796221,
Lithuania,ROADACCID,DEATH,1000000HAB,A,1995,184.8942245,
Lithuania,ROADACCID,DEATH,1000000HAB,A,1996,185.1948002,
Lithuania,ROADACCID,DEATH,1000000HAB,A,1997,203.0691411,
Lithuania,ROADACCID,DEATH,1000000HAB,A,1998,233.5651423,
Lithuania,ROADACCID,DEATH,1000000HAB,A,1999,212.2444625,
Lithuania,ROADACCID,DEATH,1000000HAB,A,2000,183.1671399,
Lithuania,ROADACCID,DEATH,1000000HAB,A,2001,203.4102624,
Lithuania,ROADACCID,DEATH,1000000HAB,A,2002,202.4357934,
Lithuania,ROADACCID,DEATH,1000000HAB,A,2003,207.6005215,
Lithuania,ROADACCID,DEATH,1000000HAB,A,2004,222.6779091,
Lithuania,ROADACCID,DEATH,1000000HAB,A,2005,232.6541718,
Lithuania,ROADACCID,DEATH,1000000HAB,A,2006,232.4223702,
Lithuania,ROADACCID,DEATH,1000000HAB,A,2007,229.0104212,
Lithuania,ROADACCID,DEATH,1000000HAB,A,2008,156.0237519,
Lithuania,ROADACCID,DEATH,1000000HAB,A,2009,116.9806596,
Lithuania,ROADACCID,DEATH,1000000HAB,A,2010,96.5362534,
Lithuania,ROADACCID,DEATH,1000000HAB,A,2011,97.75058081,
Lithuania,ROADACCID,DEATH,1000000HAB,A,2012,101.0786295,
Lithuania,ROADACCID,DEATH,1000000HAB,A,2013,86.55406299,
Lithuania,ROADACCID,DEATH,1000000HAB,A,2014,91.05272294,
Lithuania,ROADACCID,DEATH,1000000HAB,A,2015,83.30722811,
Lithuania,ROADACCID,DEATH,1000000HAB,A,2016,66.94021507,
Lithuania,ROADACCID,DEATH,1000000HAB,A,2017,67.52927359,
Lithuania,ROADACCID,DEATH,1000000HAB,A,2018,61.7516847,
Lithuania,ROADACCID,DEATH,1000000HAB,A,2019,66.02450657,
Russia,ROADACCID,DEATH,1000000HAB,A,1994,239.8726558,
Russia,ROADACCID,DEATH,1000000HAB,A,1995,220.9996702,
Russia,ROADACCID,DEATH,1000000HAB,A,1996,198.8929154,
Russia,ROADACCID,DEATH,1000000HAB,A,1997,187.0326369,
Russia,ROADACCID,DEATH,1000000HAB,A,1998,196.5249944,
Russia,ROADACCID,DEATH,1000000HAB,A,1999,201.8683233,
Russia,ROADACCID,DEATH,1000000HAB,A,2000,201.8733429,
Russia,ROADACCID,DEATH,1000000HAB,A,2001,211.7875399,
Russia,ROADACCID,DEATH,1000000HAB,A,2002,228.7784833,
Russia,ROADACCID,DEATH,1000000HAB,A,2003,246.1274811,
Russia,ROADACCID,DEATH,1000000HAB,A,2004,239.5130343,
Russia,ROADACCID,DEATH,1000000HAB,A,2005,236.6031258,
Russia,ROADACCID,DEATH,1000000HAB,A,2006,228.7597556,
Russia,ROADACCID,DEATH,1000000HAB,A,2007,233.2409468,
Russia,ROADACCID,DEATH,1000000HAB,A,2008,209.7204974,
Russia,ROADACCID,DEATH,1000000HAB,A,2009,193.7103505,B
Russia,ROADACCID,DEATH,1000000HAB,A,2010,185.9789915,
Russia,ROADACCID,DEATH,1000000HAB,A,2011,195.5289764,
Russia,ROADACCID,DEATH,1000000HAB,A,2012,195.465528,
Russia,ROADACCID,DEATH,1000000HAB,A,2013,188.3183464,
Russia,ROADACCID,DEATH,1000000HAB,A,2014,187.4430719,
Russia,ROADACCID,DEATH,1000000HAB,A,2015,160.4059824,
Russia,ROADACCID,DEATH,1000000HAB,A,2016,140.6932444,
Russia,ROADACCID,DEATH,1000000HAB,A,2017,132.0998661,
Russia,ROADACCID,DEATH,1000000HAB,A,2018,126.0677588,
Russia,ROADACCID,DEATH,1000000HAB,A,2019,117.6185095,
Switzerland,ROADACCID,DEATH,1000000HAB,A,1994,97.08605986,
Switzerland,ROADACCID,DEATH,1000000HAB,A,1995,98.2858633,
Switzerland,ROADACCID,DEATH,1000000HAB,A,1996,87.10591995,
Switzerland,ROADACCID,DEATH,1000000HAB,A,1997,82.80544276,
Switzerland,ROADACCID,DEATH,1000000HAB,A,1998,83.96623292,
Switzerland,ROADACCID,DEATH,1000000HAB,A,1999,81.6070457,
Switzerland,ROADACCID,DEATH,1000000HAB,A,2000,82.40247764,
Switzerland,ROADACCID,DEATH,1000000HAB,A,2001,75.24356647,
Switzerland,ROADACCID,DEATH,1000000HAB,A,2002,70.42105614,
Switzerland,ROADACCID,DEATH,1000000HAB,A,2003,74.39704668,
Switzerland,ROADACCID,DEATH,1000000HAB,A,2004,69.01568077,
Switzerland,ROADACCID,DEATH,1000000HAB,A,2005,54.99444341,
Switzerland,ROADACCID,DEATH,1000000HAB,A,2006,49.43923877,
Switzerland,ROADACCID,DEATH,1000000HAB,A,2007,50.85340354,
Switzerland,ROADACCID,DEATH,1000000HAB,A,2008,46.68085399,
Switzerland,ROADACCID,DEATH,1000000HAB,A,2009,45.0681323,
Switzerland,ROADACCID,DEATH,1000000HAB,A,2010,41.78962337,
Switzerland,ROADACCID,DEATH,1000000HAB,A,2011,40.44285942,
Switzerland,ROADACCID,DEATH,1000000HAB,A,2012,42.39163342,
Switzerland,ROADACCID,DEATH,1000000HAB,A,2013,33.25361531,
Switzerland,ROADACCID,DEATH,1000000HAB,A,2014,29.67522481,
Switzerland,ROADACCID,DEATH,1000000HAB,A,2015,30.54671619,
Switzerland,ROADACCID,DEATH,1000000HAB,A,2016,25.79616397,
Switzerland,ROADACCID,DEATH,1000000HAB,A,2017,27.21300924,
Switzerland,ROADACCID,DEATH,1000000HAB,A,2018,27.36563269,
Switzerland,ROADACCID,DEATH,1000000HAB,A,2019,21.80800743,
Mexico,ROADACCID,DEATH,1000000HAB,A,1994,56.73474096,
Mexico,ROADACCID,DEATH,1000000HAB,A,1995,51.03460999,
Mexico,ROADACCID,DEATH,1000000HAB,A,1996,51.63878308,
Mexico,ROADACCID,DEATH,1000000HAB,A,1997,52.58373651,
Mexico,ROADACCID,DEATH,1000000HAB,A,1998,52.71907093,
Mexico,ROADACCID,DEATH,1000000HAB,A,1999,52.37737908,
Mexico,ROADACCID,DEATH,1000000HAB,A,2000,52.82111413,
Mexico,ROADACCID,DEATH,1000000HAB,A,2001,51.31699683,
Mexico,ROADACCID,DEATH,1000000HAB,A,2002,47.83411099,
Mexico,ROADACCID,DEATH,1000000HAB,A,2003,45.11014734,
Mexico,ROADACCID,DEATH,1000000HAB,A,2004,44.04155379,
Mexico,ROADACCID,DEATH,1000000HAB,A,2005,44.43178133,
Mexico,ROADACCID,DEATH,1000000HAB,A,2006,45.63028095,
Mexico,ROADACCID,DEATH,1000000HAB,A,2007,49.44559108,
Mexico,ROADACCID,DEATH,1000000HAB,A,2008,48.54024135,
Mexico,ROADACCID,DEATH,1000000HAB,A,2009,43.29389753,
Mexico,ROADACCID,DEATH,1000000HAB,A,2010,44.1043853,
Mexico,ROADACCID,DEATH,1000000HAB,A,2011,38.08273466,
Mexico,ROADACCID,DEATH,1000000HAB,A,2012,38.70417996,
Mexico,ROADACCID,DEATH,1000000HAB,A,2013,32.39158428,
Mexico,ROADACCID,DEATH,1000000HAB,A,2014,31.3572015,
Mexico,ROADACCID,DEATH,1000000HAB,A,2015,28.6398317,
Mexico,ROADACCID,DEATH,1000000HAB,A,2016,27.33242298,
Mexico,ROADACCID,DEATH,1000000HAB,A,2017,23.39367368,
Canada,ROADACCID,DEATH,1000000HAB,A,1994,111.376764,
Canada,ROADACCID,DEATH,1000000HAB,A,1995,113.0627547,
Canada,ROADACCID,DEATH,1000000HAB,A,1996,105.6729809,
Canada,ROADACCID,DEATH,1000000HAB,A,1997,102.8557931,
Canada,ROADACCID,DEATH,1000000HAB,A,1998,96.79931201,
Canada,ROADACCID,DEATH,1000000HAB,A,1999,98.02216919,
Canada,ROADACCID,DEATH,1000000HAB,A,2000,94.63682304,
Canada,ROADACCID,DEATH,1000000HAB,A,2001,88.90779514,
Canada,ROADACCID,DEATH,1000000HAB,A,2002,93.14389801,
Canada,ROADACCID,DEATH,1000000HAB,A,2003,87.75747512,
Canada,ROADACCID,DEATH,1000000HAB,A,2004,85.62754897,
Canada,ROADACCID,DEATH,1000000HAB,A,2005,89.87787495,
Canada,ROADACCID,DEATH,1000000HAB,A,2006,88.14542577,
Canada,ROADACCID,DEATH,1000000HAB,A,2007,83.70573466,
Canada,ROADACCID,DEATH,1000000HAB,A,2008,73.11911968,
Canada,ROADACCID,DEATH,1000000HAB,A,2009,65.8957126,
Canada,ROADACCID,DEATH,1000000HAB,A,2010,65.81406574,
Canada,ROADACCID,DEATH,1000000HAB,A,2011,58.91204394,
Canada,ROADACCID,DEATH,1000000HAB,A,2012,59.77377226,
Canada,ROADACCID,DEATH,1000000HAB,A,2013,55.61105259,
Canada,ROADACCID,DEATH,1000000HAB,A,2014,51.95071257,
Canada,ROADACCID,DEATH,1000000HAB,A,2015,52.90885549,
Canada,ROADACCID,DEATH,1000000HAB,A,2016,52.59005757,
Canada,ROADACCID,DEATH,1000000HAB,A,2017,50.78903475,
Canada,ROADACCID,DEATH,1000000HAB,A,2018,51.86497351,P
Latvia,ROADACCID,DEATH,1000000HAB,A,1994,284.4400577,
Latvia,ROADACCID,DEATH,1000000HAB,A,1995,245.8697108,
Latvia,ROADACCID,DEATH,1000000HAB,A,1996,223.8299999,
Latvia,ROADACCID,DEATH,1000000HAB,A,1997,215.7961996,
Latvia,ROADACCID,DEATH,1000000HAB,A,1998,260.163924,
Latvia,ROADACCID,DEATH,1000000HAB,A,1999,252.6687087,
Latvia,ROADACCID,DEATH,1000000HAB,A,2000,248.3580072,
Latvia,ROADACCID,DEATH,1000000HAB,A,2001,221.2076999,
Latvia,ROADACCID,DEATH,1000000HAB,A,2002,224.2256316,
Latvia,ROADACCID,DEATH,1000000HAB,A,2003,215.4762659,
Latvia,ROADACCID,DEATH,1000000HAB,A,2004,228.0036162,
Latvia,ROADACCID,DEATH,1000000HAB,A,2005,197.4272813,
Latvia,ROADACCID,DEATH,1000000HAB,A,2006,183.469117,
Latvia,ROADACCID,DEATH,1000000HAB,A,2007,190.4264143,
Latvia,ROADACCID,DEATH,1000000HAB,A,2008,145.132415,
Latvia,ROADACCID,DEATH,1000000HAB,A,2009,118.5990926,
Latvia,ROADACCID,DEATH,1000000HAB,A,2010,103.9305286,
Latvia,ROADACCID,DEATH,1000000HAB,A,2011,86.90548034,
Latvia,ROADACCID,DEATH,1000000HAB,A,2012,87.00700333,
Latvia,ROADACCID,DEATH,1000000HAB,A,2013,88.93760307,
Latvia,ROADACCID,DEATH,1000000HAB,A,2014,106.3305818,
Latvia,ROADACCID,DEATH,1000000HAB,A,2015,95.06823421,
Latvia,ROADACCID,DEATH,1000000HAB,A,2016,80.63129198,
Latvia,ROADACCID,DEATH,1000000HAB,A,2017,70.02195394,
Latvia,ROADACCID,DEATH,1000000HAB,A,2018,78.35307035,
Latvia,ROADACCID,DEATH,1000000HAB,A,2019,70.57757024,
Ukraine,ROADACCID,DEATH,1000000HAB,A,1994,145.6047025,
Ukraine,ROADACCID,DEATH,1000000HAB,A,1995,146.1772608,
Ukraine,ROADACCID,DEATH,1000000HAB,A,1996,129.8724191,
Ukraine,ROADACCID,DEATH,1000000HAB,A,1997,118.3525515,
Ukraine,ROADACCID,DEATH,1000000HAB,A,1998,110.1217481,
Ukraine,ROADACCID,DEATH,1000000HAB,A,1999,106.0715867,
Ukraine,ROADACCID,DEATH,1000000HAB,A,2000,105.4365398,
Ukraine,ROADACCID,DEATH,1000000HAB,A,2001,122.969685,
Ukraine,ROADACCID,DEATH,1000000HAB,A,2002,124.1015243,
Ukraine,ROADACCID,DEATH,1000000HAB,A,2003,149.5201645,
Ukraine,ROADACCID,DEATH,1000000HAB,A,2004,146.8021349,
Ukraine,ROADACCID,DEATH,1000000HAB,A,2005,153.4651047,
Ukraine,ROADACCID,DEATH,1000000HAB,A,2006,162.2645705,
Ukraine,ROADACCID,DEATH,1000000HAB,A,2007,205.8510594,
Ukraine,ROADACCID,DEATH,1000000HAB,A,2008,166.846134,
Ukraine,ROADACCID,DEATH,1000000HAB,A,2009,116.1262363,
Ukraine,ROADACCID,DEATH,1000000HAB,A,2010,106.2768966,
Ukraine,ROADACCID,DEATH,1000000HAB,A,2011,107.3817609,
Ukraine,ROADACCID,DEATH,1000000HAB,A,2012,112.5383614,
Ukraine,ROADACCID,DEATH,1000000HAB,A,2013,106.2439525,
Ukraine,ROADACCID,DEATH,1000000HAB,A,2014,98.05143806,B
Ukraine,ROADACCID,DEATH,1000000HAB,A,2015,88.65209746,
Ukraine,ROADACCID,DEATH,1000000HAB,A,2016,75.76990781,
Ukraine,ROADACCID,DEATH,1000000HAB,A,2017,76.55393958,
Italy,ROADACCID,DEATH,1000000HAB,A,1994,124.9749311,
Italy,ROADACCID,DEATH,1000000HAB,A,1995,123.7239201,
Italy,ROADACCID,DEATH,1000000HAB,A,1996,117.6216488,
Italy,ROADACCID,DEATH,1000000HAB,A,1997,118.1922312,
Italy,ROADACCID,DEATH,1000000HAB,A,1998,120.3548036,
Italy,ROADACCID,DEATH,1000000HAB,A,1999,117.5058463,
Italy,ROADACCID,DEATH,1000000HAB,A,2000,124.0031367,
Italy,ROADACCID,DEATH,1000000HAB,A,2001,124.5478209,
Italy,ROADACCID,DEATH,1000000HAB,A,2002,122.3295036,
Italy,ROADACCID,DEATH,1000000HAB,A,2003,114.5111363,
Italy,ROADACCID,DEATH,1000000HAB,A,2004,106.127508,
Italy,ROADACCID,DEATH,1000000HAB,A,2005,100.3631497,
Italy,ROADACCID,DEATH,1000000HAB,A,2006,97.49934727,
Italy,ROADACCID,DEATH,1000000HAB,A,2007,87.80199154,
Italy,ROADACCID,DEATH,1000000HAB,A,2008,80.32062839,
Italy,ROADACCID,DEATH,1000000HAB,A,2009,71.69767037,
Italy,ROADACCID,DEATH,1000000HAB,A,2010,69.40248425,
Italy,ROADACCID,DEATH,1000000HAB,A,2011,65.00565541,
Italy,ROADACCID,DEATH,1000000HAB,A,2012,63.03355456,
Italy,ROADACCID,DEATH,1000000HAB,A,2013,56.46317588,
Italy,ROADACCID,DEATH,1000000HAB,A,2014,55.61848712,
Italy,ROADACCID,DEATH,1000000HAB,A,2015,56.44602583,
Italy,ROADACCID,DEATH,1000000HAB,A,2016,54.1503461,
Italy,ROADACCID,DEATH,1000000HAB,A,2017,55.800853,
Italy,ROADACCID,DEATH,1000000HAB,A,2018,55.02984355,
Italy,ROADACCID,DEATH,1000000HAB,A,2019,52.62250463,
France,ROADACCID,DEATH,1000000HAB,A,1994,152.021353,
France,ROADACCID,DEATH,1000000HAB,A,1995,149.3234201,
France,ROADACCID,DEATH,1000000HAB,A,1996,142.9381907,
France,ROADACCID,DEATH,1000000HAB,A,1997,140.8158256,
France,ROADACCID,DEATH,1000000HAB,A,1998,148.1732849,
France,ROADACCID,DEATH,1000000HAB,A,1999,140.2886021,
France,ROADACCID,DEATH,1000000HAB,A,2000,132.632875,
France,ROADACCID,DEATH,1000000HAB,A,2001,132.9912286,
France,ROADACCID,DEATH,1000000HAB,A,2002,123.856758,
France,ROADACCID,DEATH,1000000HAB,A,2003,97.3252646,
France,ROADACCID,DEATH,1000000HAB,A,2004,89.19558832,
France,ROADACCID,DEATH,1000000HAB,A,2005,84.17307104,
France,ROADACCID,DEATH,1000000HAB,A,2006,74.01599786,
France,ROADACCID,DEATH,1000000HAB,A,2007,72.16920398,
France,ROADACCID,DEATH,1000000HAB,A,2008,66.4077835,
France,ROADACCID,DEATH,1000000HAB,A,2009,66.03609128,
France,ROADACCID,DEATH,1000000HAB,A,2010,61.38940556,
France,ROADACCID,DEATH,1000000HAB,A,2011,60.64939386,
France,ROADACCID,DEATH,1000000HAB,A,2012,55.6352517,
France,ROADACCID,DEATH,1000000HAB,A,2013,49.51613659,
France,ROADACCID,DEATH,1000000HAB,A,2014,51.03143595,
France,ROADACCID,DEATH,1000000HAB,A,2015,52.00736091,
France,ROADACCID,DEATH,1000000HAB,A,2016,52.11010402,
France,ROADACCID,DEATH,1000000HAB,A,2017,51.56706832,
France,ROADACCID,DEATH,1000000HAB,A,2018,48.50228875,
France,ROADACCID,DEATH,1000000HAB,A,2019,48.37467143,
Poland,ROADACCID,DEATH,1000000HAB,A,1994,174.9749862,
Poland,ROADACCID,DEATH,1000000HAB,A,1995,178.7796439,
Poland,ROADACCID,DEATH,1000000HAB,A,1996,164.6369895,
Poland,ROADACCID,DEATH,1000000HAB,A,1997,189.1866578,
Poland,ROADACCID,DEATH,1000000HAB,A,1998,183.118535,
Poland,ROADACCID,DEATH,1000000HAB,A,1999,174.080518,
Poland,ROADACCID,DEATH,1000000HAB,A,2000,164.5119066,
Poland,ROADACCID,DEATH,1000000HAB,A,2001,144.6870164,
Poland,ROADACCID,DEATH,1000000HAB,A,2002,152.4181146,
Poland,ROADACCID,DEATH,1000000HAB,A,2003,147.626318,
Poland,ROADACCID,DEATH,1000000HAB,A,2004,149.5984178,
Poland,ROADACCID,DEATH,1000000HAB,A,2005,142.6421204,
Poland,ROADACCID,DEATH,1000000HAB,A,2006,137.4626595,
Poland,ROADACCID,DEATH,1000000HAB,A,2007,146.4564004,
Poland,ROADACCID,DEATH,1000000HAB,A,2008,142.606997,
Poland,ROADACCID,DEATH,1000000HAB,A,2009,119.8376907,
Poland,ROADACCID,DEATH,1000000HAB,A,2010,102.7001329,
Poland,ROADACCID,DEATH,1000000HAB,A,2011,110.0536462,
Poland,ROADACCID,DEATH,1000000HAB,A,2012,93.97537209,
Poland,ROADACCID,DEATH,1000000HAB,A,2013,88.24875666,
Poland,ROADACCID,DEATH,1000000HAB,A,2014,84.23714413,
Poland,ROADACCID,DEATH,1000000HAB,A,2015,77.34344586,
Poland,ROADACCID,DEATH,1000000HAB,A,2016,79.69431305,
Poland,ROADACCID,DEATH,1000000HAB,A,2017,74.54938701,
Poland,ROADACCID,DEATH,1000000HAB,A,2018,75.36586811,
Poland,ROADACCID,DEATH,1000000HAB,A,2019,76.61135216,
Croatia,ROADACCID,DEATH,1000000HAB,A,1994,172.8279992,
Croatia,ROADACCID,DEATH,1000000HAB,A,1995,173.1590488,
Croatia,ROADACCID,DEATH,1000000HAB,A,1996,158.2147582,
Croatia,ROADACCID,DEATH,1000000HAB,A,1997,157.4448943,
Croatia,ROADACCID,DEATH,1000000HAB,A,1998,142.5376782,
Croatia,ROADACCID,DEATH,1000000HAB,A,1999,146.7004477,
Croatia,ROADACCID,DEATH,1000000HAB,A,2000,146.5881223,
Croatia,ROADACCID,DEATH,1000000HAB,A,2001,150.4776444,
Croatia,ROADACCID,DEATH,1000000HAB,A,2002,145.7402699,
Croatia,ROADACCID,DEATH,1000000HAB,A,2003,162.8944934,
Croatia,ROADACCID,DEATH,1000000HAB,A,2004,141.2442503,
Croatia,ROADACCID,DEATH,1000000HAB,A,2005,138.5104213,
Croatia,ROADACCID,DEATH,1000000HAB,A,2006,142.4210984,
Croatia,ROADACCID,DEATH,1000000HAB,A,2007,143.612259,
Croatia,ROADACCID,DEATH,1000000HAB,A,2008,154.0708703,
Croatia,ROADACCID,DEATH,1000000HAB,A,2009,127.2884926,
Croatia,ROADACCID,DEATH,1000000HAB,A,2010,99.17523916,
Croatia,ROADACCID,DEATH,1000000HAB,A,2011,97.6493603,
Croatia,ROADACCID,DEATH,1000000HAB,A,2012,92.09013679,
Croatia,ROADACCID,DEATH,1000000HAB,A,2013,86.47248424,
Croatia,ROADACCID,DEATH,1000000HAB,A,2014,72.66912027,
Croatia,ROADACCID,DEATH,1000000HAB,A,2015,82.7861045,
Croatia,ROADACCID,DEATH,1000000HAB,A,2016,73.54440177,
Croatia,ROADACCID,DEATH,1000000HAB,A,2017,80.2515486,
Croatia,ROADACCID,DEATH,1000000HAB,A,2018,77.54700951,
Croatia,ROADACCID,DEATH,1000000HAB,A,2019,73.01782422,
Sweden,ROADACCID,DEATH,1000000HAB,A,1994,67.07859071,
Sweden,ROADACCID,DEATH,1000000HAB,A,1995,64.80162602,
Sweden,ROADACCID,DEATH,1000000HAB,A,1996,60.73974906,
Sweden,ROADACCID,DEATH,1000000HAB,A,1997,61.15715671,
Sweden,ROADACCID,DEATH,1000000HAB,A,1998,59.99339734,
Sweden,ROADACCID,DEATH,1000000HAB,A,1999,65.47846583,
Sweden,ROADACCID,DEATH,1000000HAB,A,2000,66.61324833,
Sweden,ROADACCID,DEATH,1000000HAB,A,2001,65.53536662,
Sweden,ROADACCID,DEATH,1000000HAB,A,2002,62.74539331,
Sweden,ROADACCID,DEATH,1000000HAB,A,2003,59.05185054,
Sweden,ROADACCID,DEATH,1000000HAB,A,2004,53.37169572,
Sweden,ROADACCID,DEATH,1000000HAB,A,2005,48.72877696,
Sweden,ROADACCID,DEATH,1000000HAB,A,2006,49.00608501,
Sweden,ROADACCID,DEATH,1000000HAB,A,2007,51.48614596,
Sweden,ROADACCID,DEATH,1000000HAB,A,2008,43.06026365,
Sweden,ROADACCID,DEATH,1000000HAB,A,2009,38.50077136,
Sweden,ROADACCID,DEATH,1000000HAB,A,2010,28.36387568,B
Sweden,ROADACCID,DEATH,1000000HAB,A,2011,33.75942526,
Sweden,ROADACCID,DEATH,1000000HAB,A,2012,29.93894346,
Sweden,ROADACCID,DEATH,1000000HAB,A,2013,27.08226415,
Sweden,ROADACCID,DEATH,1000000HAB,A,2014,27.84621874,
Sweden,ROADACCID,DEATH,1000000HAB,A,2015,26.4307668,
Sweden,ROADACCID,DEATH,1000000HAB,A,2016,27.20928018,
Sweden,ROADACCID,DEATH,1000000HAB,A,2017,25.05543515,
Sweden,ROADACCID,DEATH,1000000HAB,A,2018,31.84208214,
Sweden,ROADACCID,DEATH,1000000HAB,A,2019,21.48665693,
Malta,ROADACCID,DEATH,1000000HAB,A,1999,30.96150968,
Malta,ROADACCID,DEATH,1000000HAB,A,2000,38.45296049,
Malta,ROADACCID,DEATH,1000000HAB,A,2001,40.70956777,
Malta,ROADACCID,DEATH,1000000HAB,A,2002,40.40720359,
Malta,ROADACCID,DEATH,1000000HAB,A,2003,42.6511985,
Malta,ROADACCID,DEATH,1000000HAB,A,2004,32.39730056,
Malta,ROADACCID,DEATH,1000000HAB,A,2005,39.62024,
Malta,ROADACCID,DEATH,1000000HAB,A,2006,24.67259467,
Malta,ROADACCID,DEATH,1000000HAB,A,2007,34.42137666,
Malta,ROADACCID,DEATH,1000000HAB,A,2008,36.64086336,
Malta,ROADACCID,DEATH,1000000HAB,A,2009,50.91192963,
Malta,ROADACCID,DEATH,1000000HAB,A,2010,36.1874801,
Malta,ROADACCID,DEATH,1000000HAB,A,2011,40.83907483,
Malta,ROADACCID,DEATH,1000000HAB,A,2012,21.42714295,
Malta,ROADACCID,DEATH,1000000HAB,A,2013,42.25679454,
Malta,ROADACCID,DEATH,1000000HAB,A,2014,23.01188794,
Malta,ROADACCID,DEATH,1000000HAB,A,2015,24.7161574,
Malta,ROADACCID,DEATH,1000000HAB,A,2016,50.50993069,
Malta,ROADACCID,DEATH,1000000HAB,A,2017,40.59837735,
Azerbaijan,ROADACCID,DEATH,1000000HAB,A,1994,145.715414,
Azerbaijan,ROADACCID,DEATH,1000000HAB,A,1995,128.8223813,
Azerbaijan,ROADACCID,DEATH,1000000HAB,A,1996,98.28674482,
Azerbaijan,ROADACCID,DEATH,1000000HAB,A,1997,77.18559627,
Azerbaijan,ROADACCID,DEATH,1000000HAB,A,1998,75.06634652,
Azerbaijan,ROADACCID,DEATH,1000000HAB,A,1999,69.39964298,
Azerbaijan,ROADACCID,DEATH,1000000HAB,A,2000,74.05014537,
Azerbaijan,ROADACCID,DEATH,1000000HAB,A,2001,68.91705296,
Azerbaijan,ROADACCID,DEATH,1000000HAB,A,2002,78.56142047,
Azerbaijan,ROADACCID,DEATH,1000000HAB,A,2003,87.92703513,
Azerbaijan,ROADACCID,DEATH,1000000HAB,A,2004,97.63438271,
Azerbaijan,ROADACCID,DEATH,1000000HAB,A,2005,126.9088461,
Azerbaijan,ROADACCID,DEATH,1000000HAB,A,2006,121.0435439,
Azerbaijan,ROADACCID,DEATH,1000000HAB,A,2007,129.0014333,
Azerbaijan,ROADACCID,DEATH,1000000HAB,A,2008,120.0447315,
Azerbaijan,ROADACCID,DEATH,1000000HAB,A,2009,103.9426335,
Azerbaijan,ROADACCID,DEATH,1000000HAB,A,2010,102.1610429,
Azerbaijan,ROADACCID,DEATH,1000000HAB,A,2011,110.7588486,
Azerbaijan,ROADACCID,DEATH,1000000HAB,A,2012,125.6483584,
Azerbaijan,ROADACCID,DEATH,1000000HAB,A,2013,123.6088561,
Azerbaijan,ROADACCID,DEATH,1000000HAB,A,2014,117.8805126,
Azerbaijan,ROADACCID,DEATH,1000000HAB,A,2015,92.64881405,
Azerbaijan,ROADACCID,DEATH,1000000HAB,A,2016,77.78383105,
Azerbaijan,ROADACCID,DEATH,1000000HAB,A,2017,76.11096898,
Azerbaijan,ROADACCID,DEATH,1000000HAB,A,2018,72.63748833,
Azerbaijan,ROADACCID,DEATH,1000000HAB,A,2019,81.90900458,
Slovenia,ROADACCID,DEATH,1000000HAB,A,1994,253.8398939,
Slovenia,ROADACCID,DEATH,1000000HAB,A,1995,208.5561282,
Slovenia,ROADACCID,DEATH,1000000HAB,A,1996,195.6122513,
Slovenia,ROADACCID,DEATH,1000000HAB,A,1997,179.7622908,
Slovenia,ROADACCID,DEATH,1000000HAB,A,1998,155.9323163,
Slovenia,ROADACCID,DEATH,1000000HAB,A,1999,168.4278471,
Slovenia,ROADACCID,DEATH,1000000HAB,A,2000,157.3714444,
Slovenia,ROADACCID,DEATH,1000000HAB,A,2001,139.5540295,
Slovenia,ROADACCID,DEATH,1000000HAB,A,2002,134.3674951,
Slovenia,ROADACCID,DEATH,1000000HAB,A,2003,121.2587054,
Slovenia,ROADACCID,DEATH,1000000HAB,A,2004,137.2049842,
Slovenia,ROADACCID,DEATH,1000000HAB,A,2005,128.9694342,
Slovenia,ROADACCID,DEATH,1000000HAB,A,2006,130.5516855,
Slovenia,ROADACCID,DEATH,1000000HAB,A,2007,145.1844834,
Slovenia,ROADACCID,DEATH,1000000HAB,A,2008,105.8716203,
Slovenia,ROADACCID,DEATH,1000000HAB,A,2009,83.8371324,
Slovenia,ROADACCID,DEATH,1000000HAB,A,2010,67.36363623,
Slovenia,ROADACCID,DEATH,1000000HAB,A,2011,68.68523311,
Slovenia,ROADACCID,DEATH,1000000HAB,A,2012,63.19394855,
Slovenia,ROADACCID,DEATH,1000000HAB,A,2013,60.68099612,
Slovenia,ROADACCID,DEATH,1000000HAB,A,2014,52.37684168,
Slovenia,ROADACCID,DEATH,1000000HAB,A,2015,58.15274886,
Slovenia,ROADACCID,DEATH,1000000HAB,A,2016,62.95271476,
Slovenia,ROADACCID,DEATH,1000000HAB,A,2017,50.32936699,
Slovenia,ROADACCID,DEATH,1000000HAB,A,2018,43.87880962,
Slovenia,ROADACCID,DEATH,1000000HAB,A,2019,48.85183812,
Finland,ROADACCID,DEATH,1000000HAB,A,1994,94.3334487,
Finland,ROADACCID,DEATH,1000000HAB,A,1995,86.33871009,
Finland,ROADACCID,DEATH,1000000HAB,A,1996,78.83583666,
Finland,ROADACCID,DEATH,1000000HAB,A,1997,85.21674334,
Finland,ROADACCID,DEATH,1000000HAB,A,1998,77.61718351,
Finland,ROADACCID,DEATH,1000000HAB,A,1999,83.4386157,
Finland,ROADACCID,DEATH,1000000HAB,A,2000,76.50386605,
Finland,ROADACCID,DEATH,1000000HAB,A,2001,83.4617063,
Finland,ROADACCID,DEATH,1000000HAB,A,2002,79.79851548,
Finland,ROADACCID,DEATH,1000000HAB,A,2003,72.70266299,B
Finland,ROADACCID,DEATH,1000000HAB,A,2004,71.72679093,
Finland,ROADACCID,DEATH,1000000HAB,A,2005,72.24419835,
Finland,ROADACCID,DEATH,1000000HAB,A,2006,63.80229795,
Finland,ROADACCID,DEATH,1000000HAB,A,2007,71.8510339,
Finland,ROADACCID,DEATH,1000000HAB,A,2008,64.74198531,
Finland,ROADACCID,DEATH,1000000HAB,A,2009,52.25823962,
Finland,ROADACCID,DEATH,1000000HAB,A,2010,50.71455314,
Finland,ROADACCID,DEATH,1000000HAB,A,2011,54.19177057,
Finland,ROADACCID,DEATH,1000000HAB,A,2012,47.10036312,
Finland,ROADACCID,DEATH,1000000HAB,A,2013,47.43543449,
Finland,ROADACCID,DEATH,1000000HAB,A,2014,41.92978062,
Finland,ROADACCID,DEATH,1000000HAB,A,2015,49.27429008,
Finland,ROADACCID,DEATH,1000000HAB,A,2016,46.94918551,
Finland,ROADACCID,DEATH,1000000HAB,A,2017,43.20819779,
Finland,ROADACCID,DEATH,1000000HAB,A,2018,43.33223039,
Finland,ROADACCID,DEATH,1000000HAB,A,2019,38.22246343,P
Montenegro,ROADACCID,DEATH,1000000HAB,A,2005,154.6573851,
Montenegro,ROADACCID,DEATH,1000000HAB,A,2006,138.205764,
Montenegro,ROADACCID,DEATH,1000000HAB,A,2007,198.0921453,
Montenegro,ROADACCID,DEATH,1000000HAB,A,2008,181.5326216,
Montenegro,ROADACCID,DEATH,1000000HAB,A,2009,161.7353557,
Montenegro,ROADACCID,DEATH,1000000HAB,A,2010,153.3673002,
Montenegro,ROADACCID,DEATH,1000000HAB,A,2011,93.53646874,
Montenegro,ROADACCID,DEATH,1000000HAB,A,2012,74.12169816,
Montenegro,ROADACCID,DEATH,1000000HAB,A,2013,119.1229333,
Montenegro,ROADACCID,DEATH,1000000HAB,A,2014,104.5335392,
Montenegro,ROADACCID,DEATH,1000000HAB,A,2015,81.97261472,
Montenegro,ROADACCID,DEATH,1000000HAB,A,2016,104.4507258,
Montenegro,ROADACCID,DEATH,1000000HAB,A,2017,101.2254709,
Turkey,ROADACCID,DEATH,1000000HAB,A,2015,95.88764383,
Turkey,ROADACCID,DEATH,1000000HAB,A,2016,91.45380022,
Turkey,ROADACCID,DEATH,1000000HAB,A,2017,91.576162,
Turkey,ROADACCID,DEATH,1000000HAB,A,2018,81.08627769,
Turkey,ROADACCID,DEATH,1000000HAB,A,2019,65.60020683,
Ireland,ROADACCID,DEATH,1000000HAB,A,1994,112.5227204,
Ireland,ROADACCID,DEATH,1000000HAB,A,1995,121.0915083,
Ireland,ROADACCID,DEATH,1000000HAB,A,1996,124.5357401,
Ireland,ROADACCID,DEATH,1000000HAB,A,1997,128.4643529,
Ireland,ROADACCID,DEATH,1000000HAB,A,1998,123.3604906,
Ireland,ROADACCID,DEATH,1000000HAB,A,1999,109.992953,
Ireland,ROADACCID,DEATH,1000000HAB,A,2000,109.0620298,
Ireland,ROADACCID,DEATH,1000000HAB,A,2001,106.3047511,
Ireland,ROADACCID,DEATH,1000000HAB,A,2002,95.62692478,
Ireland,ROADACCID,DEATH,1000000HAB,A,2003,83.82290497,
Ireland,ROADACCID,DEATH,1000000HAB,A,2004,91.88597687,
Ireland,ROADACCID,DEATH,1000000HAB,A,2005,95.19427565,
Ireland,ROADACCID,DEATH,1000000HAB,A,2006,85.40826672,
Ireland,ROADACCID,DEATH,1000000HAB,A,2007,76.83665754,
Ireland,ROADACCID,DEATH,1000000HAB,A,2008,62.14439596,
Ireland,ROADACCID,DEATH,1000000HAB,A,2009,52.47636634,
Ireland,ROADACCID,DEATH,1000000HAB,A,2010,46.48964783,
Ireland,ROADACCID,DEATH,1000000HAB,A,2011,40.61060889,
Ireland,ROADACCID,DEATH,1000000HAB,A,2012,35.43838037,
Ireland,ROADACCID,DEATH,1000000HAB,A,2013,40.65905737,
Ireland,ROADACCID,DEATH,1000000HAB,A,2014,41.22170838,
Ireland,ROADACCID,DEATH,1000000HAB,A,2015,34.45373916,
Ireland,ROADACCID,DEATH,1000000HAB,A,2016,38.27280307,
Ireland,ROADACCID,DEATH,1000000HAB,A,2017,32.24204079,
Ireland,ROADACCID,DEATH,1000000HAB,A,2018,28.55783352,P
Ireland,ROADACCID,DEATH,1000000HAB,A,2019,28.33179937,P
Belgium,ROADACCID,DEATH,1000000HAB,A,1994,167.2663508,
Belgium,ROADACCID,DEATH,1000000HAB,A,1995,148.4687837,
Belgium,ROADACCID,DEATH,1000000HAB,A,1996,133.5087589,
Belgium,ROADACCID,DEATH,1000000HAB,A,1997,133.9718276,
Belgium,ROADACCID,DEATH,1000000HAB,A,1998,147.0154684,
Belgium,ROADACCID,DEATH,1000000HAB,A,1999,136.6069589,
Belgium,ROADACCID,DEATH,1000000HAB,A,2000,143.3971467,
Belgium,ROADACCID,DEATH,1000000HAB,A,2001,144.4602039,
Belgium,ROADACCID,DEATH,1000000HAB,A,2002,130.9424323,
Belgium,ROADACCID,DEATH,1000000HAB,A,2003,117.1920213,
Belgium,ROADACCID,DEATH,1000000HAB,A,2004,111.6001066,
Belgium,ROADACCID,DEATH,1000000HAB,A,2005,107.9340909,
Belgium,ROADACCID,DEATH,1000000HAB,A,2006,104.8544183,
Belgium,ROADACCID,DEATH,1000000HAB,A,2007,102.9579228,
Belgium,ROADACCID,DEATH,1000000HAB,A,2008,91.50349865,
Belgium,ROADACCID,DEATH,1000000HAB,A,2009,88.54727179,
Belgium,ROADACCID,DEATH,1000000HAB,A,2010,78.01324316,
Belgium,ROADACCID,DEATH,1000000HAB,A,2011,80.08505685,
Belgium,ROADACCID,DEATH,1000000HAB,A,2012,74.45800514,
Belgium,ROADACCID,DEATH,1000000HAB,A,2013,68.46241919,
Belgium,ROADACCID,DEATH,1000000HAB,A,2014,66.46411023,
Belgium,ROADACCID,DEATH,1000000HAB,A,2015,67.58796814,
Belgium,ROADACCID,DEATH,1000000HAB,A,2016,59.12761876,
Belgium,ROADACCID,DEATH,1000000HAB,A,2017,53.53771789,
Belgium,ROADACCID,DEATH,1000000HAB,A,2018,52.85701809,
Belgium,ROADACCID,DEATH,1000000HAB,A,2019,56.25190754,
Bulgaria,ROADACCID,DEATH,1000000HAB,A,1994,164.6219008,
Bulgaria,ROADACCID,DEATH,1000000HAB,A,1995,150.3675857,
Bulgaria,ROADACCID,DEATH,1000000HAB,A,1996,121.2508786,
Bulgaria,ROADACCID,DEATH,1000000HAB,A,1997,110.0809089,
Bulgaria,ROADACCID,DEATH,1000000HAB,A,1998,121.4758382,
Bulgaria,ROADACCID,DEATH,1000000HAB,A,1999,127.5177136,
Bulgaria,ROADACCID,DEATH,1000000HAB,A,2000,123.8652014,
Bulgaria,ROADACCID,DEATH,1000000HAB,A,2001,126.2307498,
Bulgaria,ROADACCID,DEATH,1000000HAB,A,2002,122.3657393,
Bulgaria,ROADACCID,DEATH,1000000HAB,A,2003,123.467476,
Bulgaria,ROADACCID,DEATH,1000000HAB,A,2004,122.1999622,
Bulgaria,ROADACCID,DEATH,1000000HAB,A,2005,124.9514948,
Bulgaria,ROADACCID,DEATH,1000000HAB,A,2006,137.2183898,
Bulgaria,ROADACCID,DEATH,1000000HAB,A,2007,133.3273606,
Bulgaria,ROADACCID,DEATH,1000000HAB,A,2008,141.6071221,
Bulgaria,ROADACCID,DEATH,1000000HAB,A,2009,121.0298742,
Bulgaria,ROADACCID,DEATH,1000000HAB,A,2010,104.9272682,
Bulgaria,ROADACCID,DEATH,1000000HAB,A,2011,89.40809392,
Bulgaria,ROADACCID,DEATH,1000000HAB,A,2012,82.26241629,
Bulgaria,ROADACCID,DEATH,1000000HAB,A,2013,82.72408627,
Bulgaria,ROADACCID,DEATH,1000000HAB,A,2014,91.36291037,
Bulgaria,ROADACCID,DEATH,1000000HAB,A,2015,98.63484086,
Bulgaria,ROADACCID,DEATH,1000000HAB,A,2016,99.32907977,
Bulgaria,ROADACCID,DEATH,1000000HAB,A,2017,96.38285872,
Bulgaria,ROADACCID,DEATH,1000000HAB,A,2018,86.97463088,
Bulgaria,ROADACCID,DEATH,1000000HAB,A,2019,90.0260201,
Germany,ROADACCID,DEATH,1000000HAB,A,1994,120.5083384,
Germany,ROADACCID,DEATH,1000000HAB,A,1995,115.7471302,
Germany,ROADACCID,DEATH,1000000HAB,A,1996,106.9159259,
Germany,ROADACCID,DEATH,1000000HAB,A,1997,104.2119079,
Germany,ROADACCID,DEATH,1000000HAB,A,1998,94.96973053,
Germany,ROADACCID,DEATH,1000000HAB,A,1999,94.66476244,
Germany,ROADACCID,DEATH,1000000HAB,A,2000,91.26459522,
Germany,ROADACCID,DEATH,1000000HAB,A,2001,84.7238173,
Germany,ROADACCID,DEATH,1000000HAB,A,2002,82.94490038,
Germany,ROADACCID,DEATH,1000000HAB,A,2003,80.12438387,
Germany,ROADACCID,DEATH,1000000HAB,A,2004,70.79816754,
Germany,ROADACCID,DEATH,1000000HAB,A,2005,65.00591213,
Germany,ROADACCID,DEATH,1000000HAB,A,2006,61.8016428,
Germany,ROADACCID,DEATH,1000000HAB,A,2007,60.15823817,
Germany,ROADACCID,DEATH,1000000HAB,A,2008,54.52435405,
Germany,ROADACCID,DEATH,1000000HAB,A,2009,50.69454271,
Germany,ROADACCID,DEATH,1000000HAB,A,2010,44.60915811,
Germany,ROADACCID,DEATH,1000000HAB,A,2011,49.94083898,
Germany,ROADACCID,DEATH,1000000HAB,A,2012,44.76174276,
Germany,ROADACCID,DEATH,1000000HAB,A,2013,41.4033722,
Germany,ROADACCID,DEATH,1000000HAB,A,2014,41.70036736,
Germany,ROADACCID,DEATH,1000000HAB,A,2015,42.34476076,
Germany,ROADACCID,DEATH,1000000HAB,A,2016,38.93201965,
Germany,ROADACCID,DEATH,1000000HAB,A,2017,38.47223977,
Germany,ROADACCID,DEATH,1000000HAB,A,2018,39.50267305,
Germany,ROADACCID,DEATH,1000000HAB,A,2019,36.64017135,
Norway,ROADACCID,DEATH,1000000HAB,A,1994,65.25830181,
Norway,ROADACCID,DEATH,1000000HAB,A,1995,69.96722322,
Norway,ROADACCID,DEATH,1000000HAB,A,1996,58.20142532,
Norway,ROADACCID,DEATH,1000000HAB,A,1997,68.78301954,
Norway,ROADACCID,DEATH,1000000HAB,A,1998,79.43198907,
Norway,ROADACCID,DEATH,1000000HAB,A,1999,68.13221145,
Norway,ROADACCID,DEATH,1000000HAB,A,2000,75.93019499,
Norway,ROADACCID,DEATH,1000000HAB,A,2001,60.92493804,
Norway,ROADACCID,DEATH,1000000HAB,A,2002,68.30963834,
Norway,ROADACCID,DEATH,1000000HAB,A,2003,61.33820242,
Norway,ROADACCID,DEATH,1000000HAB,A,2004,55.96799589,
Norway,ROADACCID,DEATH,1000000HAB,A,2005,48.45033549,
Norway,ROADACCID,DEATH,1000000HAB,A,2006,51.92378704,
Norway,ROADACCID,DEATH,1000000HAB,A,2007,49.47811209,
Norway,ROADACCID,DEATH,1000000HAB,A,2008,53.47916578,
Norway,ROADACCID,DEATH,1000000HAB,A,2009,43.90392,
Norway,ROADACCID,DEATH,1000000HAB,A,2010,42.54229481,
Norway,ROADACCID,DEATH,1000000HAB,A,2011,33.91823444,
Norway,ROADACCID,DEATH,1000000HAB,A,2012,28.89267527,
Norway,ROADACCID,DEATH,1000000HAB,A,2013,36.81375567,
Norway,ROADACCID,DEATH,1000000HAB,A,2014,28.61463138,
Norway,ROADACCID,DEATH,1000000HAB,A,2015,22.54940488,
Norway,ROADACCID,DEATH,1000000HAB,A,2016,25.79033527,
Norway,ROADACCID,DEATH,1000000HAB,A,2017,20.08729255,
Norway,ROADACCID,DEATH,1000000HAB,A,2018,20.33164681,
Norway,ROADACCID,DEATH,1000000HAB,A,2019,20.19485794,
Hungary,ROADACCID,DEATH,1000000HAB,A,1994,151.0148303,
Hungary,ROADACCID,DEATH,1000000HAB,A,1995,153.8392278,
Hungary,ROADACCID,DEATH,1000000HAB,A,1996,132.8647443,
Hungary,ROADACCID,DEATH,1000000HAB,A,1997,135.1734019,
Hungary,ROADACCID,DEATH,1000000HAB,A,1998,133.5402184,
Hungary,ROADACCID,DEATH,1000000HAB,A,1999,127.5698337,
Hungary,ROADACCID,DEATH,1000000HAB,A,2000,117.520655,
Hungary,ROADACCID,DEATH,1000000HAB,A,2001,121.6187246,
Hungary,ROADACCID,DEATH,1000000HAB,A,2002,140.668879,
Hungary,ROADACCID,DEATH,1000000HAB,A,2003,130.9041111,
Hungary,ROADACCID,DEATH,1000000HAB,A,2004,128.2261085,
Hungary,ROADACCID,DEATH,1000000HAB,A,2005,126.6969133,
Hungary,ROADACCID,DEATH,1000000HAB,A,2006,129.3766389,
Hungary,ROADACCID,DEATH,1000000HAB,A,2007,122.5166024,
Hungary,ROADACCID,DEATH,1000000HAB,A,2008,99.22109448,
Hungary,ROADACCID,DEATH,1000000HAB,A,2009,82.01423775,
Hungary,ROADACCID,DEATH,1000000HAB,A,2010,73.9998298,
Hungary,ROADACCID,DEATH,1000000HAB,A,2011,63.98089318,
Hungary,ROADACCID,DEATH,1000000HAB,A,2012,60.98567774,
Hungary,ROADACCID,DEATH,1000000HAB,A,2013,59.73871439,
Hungary,ROADACCID,DEATH,1000000HAB,A,2014,63.44722346,
Hungary,ROADACCID,DEATH,1000000HAB,A,2015,65.42702103,
Hungary,ROADACCID,DEATH,1000000HAB,A,2016,61.85027282,
Hungary,ROADACCID,DEATH,1000000HAB,A,2017,63.85392021,
Hungary,ROADACCID,DEATH,1000000HAB,A,2018,64.7532971,
Hungary,ROADACCID,DEATH,1000000HAB,A,2019,61.61751714,
Estonia,ROADACCID,DEATH,1000000HAB,A,1994,248.8865064,
Estonia,ROADACCID,DEATH,1000000HAB,A,1995,231.0957419,
Estonia,ROADACCID,DEATH,1000000HAB,A,1996,150.4668712,
Estonia,ROADACCID,DEATH,1000000HAB,A,1997,199.3519276,
Estonia,ROADACCID,DEATH,1000000HAB,A,1998,204.8831445,
Estonia,ROADACCID,DEATH,1000000HAB,A,1999,166.8771813,
Estonia,ROADACCID,DEATH,1000000HAB,A,2000,146.0287691,
Estonia,ROADACCID,DEATH,1000000HAB,A,2001,143.3598801,
Estonia,ROADACCID,DEATH,1000000HAB,A,2002,161.670352,
Estonia,ROADACCID,DEATH,1000000HAB,A,2003,119.64515,
Estonia,ROADACCID,DEATH,1000000HAB,A,2004,124.7660636,
Estonia,ROADACCID,DEATH,1000000HAB,A,2005,125.4820911,
Estonia,ROADACCID,DEATH,1000000HAB,A,2006,151.4690268,
Estonia,ROADACCID,DEATH,1000000HAB,A,2007,146.1944685,
Estonia,ROADACCID,DEATH,1000000HAB,A,2008,98.72185118,
Estonia,ROADACCID,DEATH,1000000HAB,A,2009,74.93359011,
Estonia,ROADACCID,DEATH,1000000HAB,A,2010,59.33269494,
Estonia,ROADACCID,DEATH,1000000HAB,A,2011,76.08635877,
Estonia,ROADACCID,DEATH,1000000HAB,A,2012,65.77475096,
Estonia,ROADACCID,DEATH,1000000HAB,A,2013,61.45689254,
Estonia,ROADACCID,DEATH,1000000HAB,A,2014,59.3361201,
Estonia,ROADACCID,DEATH,1000000HAB,A,2015,50.93480573,
Estonia,ROADACCID,DEATH,1000000HAB,A,2016,53.95997842,
Estonia,ROADACCID,DEATH,1000000HAB,A,2017,36.43584558,
Estonia,ROADACCID,DEATH,1000000HAB,A,2018,50.68166844,
Estonia,ROADACCID,DEATH,1000000HAB,A,2019,39.19824512,
Bosnia and Herzegovina,ROADACCID,DEATH,1000000HAB,A,1994,37.850652,
Bosnia and Herzegovina,ROADACCID,DEATH,1000000HAB,A,1995,56.14969771,
Bosnia and Herzegovina,ROADACCID,DEATH,1000000HAB,A,1996,52.8633191,
Bosnia and Herzegovina,ROADACCID,DEATH,1000000HAB,A,1997,61.5620157,
Bosnia and Herzegovina,ROADACCID,DEATH,1000000HAB,A,2003,122.2697627,
Bosnia and Herzegovina,ROADACCID,DEATH,1000000HAB,A,2004,116.0939101,
Bosnia and Herzegovina,ROADACCID,DEATH,1000000HAB,A,2005,101.983066,
Bosnia and Herzegovina,ROADACCID,DEATH,1000000HAB,A,2006,107.0264597,
Bosnia and Herzegovina,ROADACCID,DEATH,1000000HAB,A,2007,114.2770277,
Bosnia and Herzegovina,ROADACCID,DEATH,1000000HAB,A,2008,115.6016707,
Bosnia and Herzegovina,ROADACCID,DEATH,1000000HAB,A,2009,102.2500909,
Bosnia and Herzegovina,ROADACCID,DEATH,1000000HAB,A,2010,97.69335728,
Bosnia and Herzegovina,ROADACCID,DEATH,1000000HAB,A,2011,97.23654291,
Bosnia and Herzegovina,ROADACCID,DEATH,1000000HAB,A,2012,84.05058347,
Bosnia and Herzegovina,ROADACCID,DEATH,1000000HAB,A,2013,94.28090346,
Bosnia and Herzegovina,ROADACCID,DEATH,1000000HAB,A,2014,85.29325948,
Bosnia and Herzegovina,ROADACCID,DEATH,1000000HAB,A,2015,99.43543418,
Bosnia and Herzegovina,ROADACCID,DEATH,1000000HAB,A,2016,94.79465146,
Bosnia and Herzegovina,ROADACCID,DEATH,1000000HAB,A,2017,88.9146947,
Bosnia and Herzegovina,ROADACCID,DEATH,1000000HAB,A,2018,83.33511336,
North Macedonia,ROADACCID,DEATH,1000000HAB,A,1994,74.17862313,
North Macedonia,ROADACCID,DEATH,1000000HAB,A,1995,79.16291021,
North Macedonia,ROADACCID,DEATH,1000000HAB,A,1996,77.4086013,
North Macedonia,ROADACCID,DEATH,1000000HAB,A,1997,89.0178926,
North Macedonia,ROADACCID,DEATH,1000000HAB,A,1998,92.93971294,
North Macedonia,ROADACCID,DEATH,1000000HAB,A,1999,106.6985972,
North Macedonia,ROADACCID,DEATH,1000000HAB,A,2000,79.61396075,
North Macedonia,ROADACCID,DEATH,1000000HAB,A,2001,52.37801063,
North Macedonia,ROADACCID,DEATH,1000000HAB,A,2002,85.89857721,
North Macedonia,ROADACCID,DEATH,1000000HAB,A,2003,57.46493908,
North Macedonia,ROADACCID,DEATH,1000000HAB,A,2004,75.35069673,
North Macedonia,ROADACCID,DEATH,1000000HAB,A,2005,69.40827745,
North Macedonia,ROADACCID,DEATH,1000000HAB,A,2006,67.85802744,
North Macedonia,ROADACCID,DEATH,1000000HAB,A,2007,83.75996041,
North Macedonia,ROADACCID,DEATH,1000000HAB,A,2008,78.36258951,
North Macedonia,ROADACCID,DEATH,1000000HAB,A,2009,77.33058681,
North Macedonia,ROADACCID,DEATH,1000000HAB,A,2010,78.23286447,
North Macedonia,ROADACCID,DEATH,1000000HAB,A,2011,82.99207667,
North Macedonia,ROADACCID,DEATH,1000000HAB,A,2012,63.6366003,
North Macedonia,ROADACCID,DEATH,1000000HAB,A,2013,95.37264452,
North Macedonia,ROADACCID,DEATH,1000000HAB,A,2014,62.56692857,
North Macedonia,ROADACCID,DEATH,1000000HAB,A,2015,71.17684175,
North Macedonia,ROADACCID,DEATH,1000000HAB,A,2016,79.29852048,
North Macedonia,ROADACCID,DEATH,1000000HAB,A,2017,74.44778953,
North Macedonia,ROADACCID,DEATH,1000000HAB,A,2018,63.85150349,
North Macedonia,ROADACCID,DEATH,1000000HAB,A,2019,63.35617836,
Australia,ROADACCID,DEATH,1000000HAB,A,1994,107.9809577,
Australia,ROADACCID,DEATH,1000000HAB,A,1995,111.6091191,
Australia,ROADACCID,DEATH,1000000HAB,A,1996,107.5856043,
Australia,ROADACCID,DEATH,1000000HAB,A,1997,95.42582492,
Australia,ROADACCID,DEATH,1000000HAB,A,1998,93.7950938,
Australia,ROADACCID,DEATH,1000000HAB,A,1999,93.20511466,
Australia,ROADACCID,DEATH,1000000HAB,A,2000,94.86764476,
Australia,ROADACCID,DEATH,1000000HAB,A,2001,89.47612425,
Australia,ROADACCID,DEATH,1000000HAB,A,2002,87.2711359,
Australia,ROADACCID,DEATH,1000000HAB,A,2003,81.47612011,
Australia,ROADACCID,DEATH,1000000HAB,A,2004,78.64900583,
Australia,ROADACCID,DEATH,1000000HAB,A,2005,79.77523683,
Australia,ROADACCID,DEATH,1000000HAB,A,2006,77.20590012,
Australia,ROADACCID,DEATH,1000000HAB,A,2007,76.96518082,
Australia,ROADACCID,DEATH,1000000HAB,A,2008,67.62607533,
Australia,ROADACCID,DEATH,1000000HAB,A,2009,68.73596814,
Australia,ROADACCID,DEATH,1000000HAB,A,2010,61.41137222,
Australia,ROADACCID,DEATH,1000000HAB,A,2011,57.16197977,
Australia,ROADACCID,DEATH,1000000HAB,A,2012,57.18441953,
Australia,ROADACCID,DEATH,1000000HAB,A,2013,51.32278534,
Australia,ROADACCID,DEATH,1000000HAB,A,2014,49.02945115,
Australia,ROADACCID,DEATH,1000000HAB,A,2015,50.55425986,
Australia,ROADACCID,DEATH,1000000HAB,A,2016,53.44983551,
Australia,ROADACCID,DEATH,1000000HAB,A,2017,49.71168847,
Australia,ROADACCID,DEATH,1000000HAB,A,2018,45.51151581,
Australia,ROADACCID,DEATH,1000000HAB,A,2019,47.11344962,P
India,ROADACCID,DEATH,1000000HAB,A,1994,68.1713993,
India,ROADACCID,DEATH,1000000HAB,A,1995,73.43017051,
India,ROADACCID,DEATH,1000000HAB,A,1996,76.00533562,
India,ROADACCID,DEATH,1000000HAB,A,1997,76.90778069,
India,ROADACCID,DEATH,1000000HAB,A,1998,78.39164994,
India,ROADACCID,DEATH,1000000HAB,A,1999,78.96089398,
India,ROADACCID,DEATH,1000000HAB,A,2000,74.68562004,
India,ROADACCID,DEATH,1000000HAB,A,2001,75.24464521,
India,ROADACCID,DEATH,1000000HAB,A,2002,77.4468753,
India,ROADACCID,DEATH,1000000HAB,A,2003,77.3695091,
India,ROADACCID,DEATH,1000000HAB,A,2004,81.99015301,
India,ROADACCID,DEATH,1000000HAB,A,2005,82.75285684,
India,ROADACCID,DEATH,1000000HAB,A,2006,90.73379997,
India,ROADACCID,DEATH,1000000HAB,A,2007,96.72336362,
India,ROADACCID,DEATH,1000000HAB,A,2008,99.8276158,
India,ROADACCID,DEATH,1000000HAB,A,2009,103.1923255,
India,ROADACCID,DEATH,1000000HAB,A,2010,108.9808411,
India,ROADACCID,DEATH,1000000HAB,A,2011,113.9616768,
India,ROADACCID,DEATH,1000000HAB,A,2012,109.2272711,
India,ROADACCID,DEATH,1000000HAB,A,2013,107.4071248,
India,ROADACCID,DEATH,1000000HAB,A,2014,107.8037581,
India,ROADACCID,DEATH,1000000HAB,A,2015,111.5389322,
India,ROADACCID,DEATH,1000000HAB,A,2016,113.8421354,
India,ROADACCID,DEATH,1000000HAB,A,2017,110.4934253,
Slovakia,ROADACCID,DEATH,1000000HAB,A,1994,127.1900299,
Slovakia,ROADACCID,DEATH,1000000HAB,A,1995,130.175332,
Slovakia,ROADACCID,DEATH,1000000HAB,A,1996,118.73388,
Slovakia,ROADACCID,DEATH,1000000HAB,A,1997,153.8092591,
Slovakia,ROADACCID,DEATH,1000000HAB,A,1998,159.7249688,
Slovakia,ROADACCID,DEATH,1000000HAB,A,1999,124.5362323,
Slovakia,ROADACCID,DEATH,1000000HAB,A,2000,120.2511914,
Slovakia,ROADACCID,DEATH,1000000HAB,A,2001,116.1954739,
Slovakia,ROADACCID,DEATH,1000000HAB,A,2002,116.4237019,
Slovakia,ROADACCID,DEATH,1000000HAB,A,2003,121.5251349,
Slovakia,ROADACCID,DEATH,1000000HAB,A,2004,113.1735502,
Slovakia,ROADACCID,DEATH,1000000HAB,A,2005,111.6734698,
Slovakia,ROADACCID,DEATH,1000000HAB,A,2006,113.1572473,
Slovakia,ROADACCID,DEATH,1000000HAB,A,2007,122.9853932,
Slovakia,ROADACCID,DEATH,1000000HAB,A,2008,112.6554659,
Slovakia,ROADACCID,DEATH,1000000HAB,A,2009,71.29057854,
Slovakia,ROADACCID,DEATH,1000000HAB,A,2010,65.47430477,
Slovakia,ROADACCID,DEATH,1000000HAB,A,2011,60.20320155,
Slovakia,ROADACCID,DEATH,1000000HAB,A,2012,65.0938248,
Slovakia,ROADACCID,DEATH,1000000HAB,A,2013,46.36648401,
Slovakia,ROADACCID,DEATH,1000000HAB,A,2014,54.44161451,
Slovakia,ROADACCID,DEATH,1000000HAB,A,2015,57.1554893,
Slovakia,ROADACCID,DEATH,1000000HAB,A,2016,50.63712552,
Slovakia,ROADACCID,DEATH,1000000HAB,A,2017,50.74245776,
Slovakia,ROADACCID,DEATH,1000000HAB,A,2018,47.73470374,
Slovakia,ROADACCID,DEATH,1000000HAB,A,2019,49.5042879,
Armenia,ROADACCID,DEATH,1000000HAB,A,1997,83.30436831,
Armenia,ROADACCID,DEATH,1000000HAB,A,1998,101.6506326,
Armenia,ROADACCID,DEATH,1000000HAB,A,1999,74.13349597,
Armenia,ROADACCID,DEATH,1000000HAB,A,2000,69.71612831,
Armenia,ROADACCID,DEATH,1000000HAB,A,2001,77.68741926,
Armenia,ROADACCID,DEATH,1000000HAB,A,2002,77.45606593,
Armenia,ROADACCID,DEATH,1000000HAB,A,2003,83.50088736,
Armenia,ROADACCID,DEATH,1000000HAB,A,2004,86.3126183,
Armenia,ROADACCID,DEATH,1000000HAB,A,2005,103.9825658,
Armenia,ROADACCID,DEATH,1000000HAB,A,2006,112.2263511,
Armenia,ROADACCID,DEATH,1000000HAB,A,2007,126.5081235,
Armenia,ROADACCID,DEATH,1000000HAB,A,2008,139.9771222,
Armenia,ROADACCID,DEATH,1000000HAB,A,2009,112.5310413,
Armenia,ROADACCID,DEATH,1000000HAB,A,2010,102.1784515,E
Armenia,ROADACCID,DEATH,1000000HAB,A,2011,113.6783175,E
Armenia,ROADACCID,DEATH,1000000HAB,A,2012,107.8277765,E
Armenia,ROADACCID,DEATH,1000000HAB,A,2013,109.0563725,E
Armenia,ROADACCID,DEATH,1000000HAB,A,2014,101.9776453,
Armenia,ROADACCID,DEATH,1000000HAB,A,2015,118.2682385,
Armenia,ROADACCID,DEATH,1000000HAB,A,2016,90.9355325,
Armenia,ROADACCID,DEATH,1000000HAB,A,2017,94.74298673,
Moldova,ROADACCID,DEATH,1000000HAB,A,1994,182.1692102,
Moldova,ROADACCID,DEATH,1000000HAB,A,1995,184.26268,
Moldova,ROADACCID,DEATH,1000000HAB,A,1996,188.0260019,
Moldova,ROADACCID,DEATH,1000000HAB,A,1997,193.8325151,
Moldova,ROADACCID,DEATH,1000000HAB,A,1998,167.6697887,
Moldova,ROADACCID,DEATH,1000000HAB,A,1999,135.1658085,
Moldova,ROADACCID,DEATH,1000000HAB,A,2000,138.8611946,
Moldova,ROADACCID,DEATH,1000000HAB,A,2001,143.9711071,
Moldova,ROADACCID,DEATH,1000000HAB,A,2002,141.5562391,
Moldova,ROADACCID,DEATH,1000000HAB,A,2003,146.4345765,
Moldova,ROADACCID,DEATH,1000000HAB,A,2004,139.8892699,
Moldova,ROADACCID,DEATH,1000000HAB,A,2005,135.3826082,
Moldova,ROADACCID,DEATH,1000000HAB,A,2006,132.6345138,
Moldova,ROADACCID,DEATH,1000000HAB,A,2007,161.4795424,
Moldova,ROADACCID,DEATH,1000000HAB,A,2008,177.4778205,
Moldova,ROADACCID,DEATH,1000000HAB,A,2009,170.0213592,
Moldova,ROADACCID,DEATH,1000000HAB,A,2010,157.95983,
Moldova,ROADACCID,DEATH,1000000HAB,A,2011,154.90415,
Moldova,ROADACCID,DEATH,1000000HAB,A,2012,154.2250315,
Moldova,ROADACCID,DEATH,1000000HAB,A,2013,105.2929102,
Moldova,ROADACCID,DEATH,1000000HAB,A,2014,113.407655,
Moldova,ROADACCID,DEATH,1000000HAB,A,2015,105.1320678,
Moldova,ROADACCID,DEATH,1000000HAB,A,2016,110.9854149,
Moldova,ROADACCID,DEATH,1000000HAB,A,2017,109.6125885,
Moldova,ROADACCID,DEATH,1000000HAB,A,2018,101.2546336,
Moldova,ROADACCID,DEATH,1000000HAB,A,2019,103.0991065,
Denmark,ROADACCID,DEATH,1000000HAB,A,1994,104.8753597,
Denmark,ROADACCID,DEATH,1000000HAB,A,1995,111.2093482,
Denmark,ROADACCID,DEATH,1000000HAB,A,1996,97.66155673,
Denmark,ROADACCID,DEATH,1000000HAB,A,1997,92.5261746,
Denmark,ROADACCID,DEATH,1000000HAB,A,1998,94.07605531,
Denmark,ROADACCID,DEATH,1000000HAB,A,1999,96.58388075,
Denmark,ROADACCID,DEATH,1000000HAB,A,2000,93.26513367,
Denmark,ROADACCID,DEATH,1000000HAB,A,2001,80.42870928,
Denmark,ROADACCID,DEATH,1000000HAB,A,2002,86.1246173,
Denmark,ROADACCID,DEATH,1000000HAB,A,2003,80.13988863,
Denmark,ROADACCID,DEATH,1000000HAB,A,2004,68.27614574,
Denmark,ROADACCID,DEATH,1000000HAB,A,2005,61.07651134,
Denmark,ROADACCID,DEATH,1000000HAB,A,2006,56.27822187,
Denmark,ROADACCID,DEATH,1000000HAB,A,2007,74.3393956,
Denmark,ROADACCID,DEATH,1000000HAB,A,2008,73.9038969,
Denmark,ROADACCID,DEATH,1000000HAB,A,2009,54.86054468,
Denmark,ROADACCID,DEATH,1000000HAB,A,2010,45.96513535,
Denmark,ROADACCID,DEATH,1000000HAB,A,2011,39.49325132,
Denmark,ROADACCID,DEATH,1000000HAB,A,2012,29.86637747,
Denmark,ROADACCID,DEATH,1000000HAB,A,2013,34.01644045,
Denmark,ROADACCID,DEATH,1000000HAB,A,2014,32.24963343,
Denmark,ROADACCID,DEATH,1000000HAB,A,2015,31.31882333,
Denmark,ROADACCID,DEATH,1000000HAB,A,2016,36.83652787,
Denmark,ROADACCID,DEATH,1000000HAB,A,2017,30.35569941,
Denmark,ROADACCID,DEATH,1000000HAB,A,2018,29.51514386,
Denmark,ROADACCID,DEATH,1000000HAB,A,2019,34.20094309,
Austria,ROADACCID,DEATH,1000000HAB,A,1994,168.5962835,
Austria,ROADACCID,DEATH,1000000HAB,A,1995,152.2342324,
Austria,ROADACCID,DEATH,1000000HAB,A,1996,129.0360355,
Austria,ROADACCID,DEATH,1000000HAB,A,1997,138.6790053,
Austria,ROADACCID,DEATH,1000000HAB,A,1998,120.7252693,
Austria,ROADACCID,DEATH,1000000HAB,A,1999,135.0045369,
Austria,ROADACCID,DEATH,1000000HAB,A,2000,121.8238731,
Austria,ROADACCID,DEATH,1000000HAB,A,2001,119.1202559,
Austria,ROADACCID,DEATH,1000000HAB,A,2002,118.2881819,
Austria,ROADACCID,DEATH,1000000HAB,A,2003,114.635083,
Austria,ROADACCID,DEATH,1000000HAB,A,2004,107.4404862,
Austria,ROADACCID,DEATH,1000000HAB,A,2005,93.34175516,
Austria,ROADACCID,DEATH,1000000HAB,A,2006,88.28536636,
Austria,ROADACCID,DEATH,1000000HAB,A,2007,83.29830425,
Austria,ROADACCID,DEATH,1000000HAB,A,2008,81.59590535,
Austria,ROADACCID,DEATH,1000000HAB,A,2009,75.86905122,
Austria,ROADACCID,DEATH,1000000HAB,A,2010,66.0018337,
Austria,ROADACCID,DEATH,1000000HAB,A,2011,62.32390963,
Austria,ROADACCID,DEATH,1000000HAB,A,2012,62.98939109,B
Austria,ROADACCID,DEATH,1000000HAB,A,2013,53.65678034,
Austria,ROADACCID,DEATH,1000000HAB,A,2014,50.31384136,
Austria,ROADACCID,DEATH,1000000HAB,A,2015,55.4225017,
Austria,ROADACCID,DEATH,1000000HAB,A,2016,49.44676849,
Austria,ROADACCID,DEATH,1000000HAB,A,2017,47.05847049,
Austria,ROADACCID,DEATH,1000000HAB,A,2018,46.26424167,
Austria,ROADACCID,DEATH,1000000HAB,A,2019,46.86232514,
Serbia,ROADACCID,DEATH,1000000HAB,A,1999,145.8808358,
Serbia,ROADACCID,DEATH,1000000HAB,A,2000,139.4294515,
Serbia,ROADACCID,DEATH,1000000HAB,A,2001,169.6556763,
Serbia,ROADACCID,DEATH,1000000HAB,A,2002,112.9857286,
Serbia,ROADACCID,DEATH,1000000HAB,A,2003,114.6968201,
Serbia,ROADACCID,DEATH,1000000HAB,A,2004,127.6939504,
Serbia,ROADACCID,DEATH,1000000HAB,A,2005,113.025952,
Serbia,ROADACCID,DEATH,1000000HAB,A,2006,121.4317778,
Serbia,ROADACCID,DEATH,1000000HAB,A,2007,130.3244197,
Serbia,ROADACCID,DEATH,1000000HAB,A,2008,122.0371303,
Serbia,ROADACCID,DEATH,1000000HAB,A,2009,110.3703458,
Serbia,ROADACCID,DEATH,1000000HAB,A,2010,89.96856038,
Serbia,ROADACCID,DEATH,1000000HAB,A,2011,100.6345089,
Serbia,ROADACCID,DEATH,1000000HAB,A,2012,95.01218003,
Serbia,ROADACCID,DEATH,1000000HAB,A,2013,90.17142621,
Serbia,ROADACCID,DEATH,1000000HAB,A,2014,75.16924299,
Serbia,ROADACCID,DEATH,1000000HAB,A,2015,84.70296811,
Serbia,ROADACCID,DEATH,1000000HAB,A,2016,85.85610008,
Serbia,ROADACCID,DEATH,1000000HAB,A,2017,82.32612025,
Serbia,ROADACCID,DEATH,1000000HAB,A,2018,77.62147187,
Serbia,ROADACCID,DEATH,1000000HAB,A,2019,76.4581586,
Iceland,ROADACCID,DEATH,1000000HAB,A,1994,45.1092207,
Iceland,ROADACCID,DEATH,1000000HAB,A,1995,89.73036027,
Iceland,ROADACCID,DEATH,1000000HAB,A,1996,37.18633328,
Iceland,ROADACCID,DEATH,1000000HAB,A,1997,55.32442241,
Iceland,ROADACCID,DEATH,1000000HAB,A,1998,98.52324601,
Iceland,ROADACCID,DEATH,1000000HAB,A,1999,75.70814151,
Iceland,ROADACCID,DEATH,1000000HAB,A,2000,113.7959851,
Iceland,ROADACCID,DEATH,1000000HAB,A,2001,84.21998259,
Iceland,ROADACCID,DEATH,1000000HAB,A,2002,100.8614963,
Iceland,ROADACCID,DEATH,1000000HAB,A,2003,79.44156037,
Iceland,ROADACCID,DEATH,1000000HAB,A,2004,78.74716681,
Iceland,ROADACCID,DEATH,1000000HAB,A,2005,64.03041108,
Iceland,ROADACCID,DEATH,1000000HAB,A,2006,102.0468626,
Iceland,ROADACCID,DEATH,1000000HAB,A,2007,48.14389247,
Iceland,ROADACCID,DEATH,1000000HAB,A,2008,37.80551582,
Iceland,ROADACCID,DEATH,1000000HAB,A,2009,53.37536382,
Iceland,ROADACCID,DEATH,1000000HAB,A,2010,25.15398958,
Iceland,ROADACCID,DEATH,1000000HAB,A,2011,37.615904,
Iceland,ROADACCID,DEATH,1000000HAB,A,2012,28.0622108,
Iceland,ROADACCID,DEATH,1000000HAB,A,2013,46.33004287,
Iceland,ROADACCID,DEATH,1000000HAB,A,2014,12.21799344,
Iceland,ROADACCID,DEATH,1000000HAB,A,2015,48.3654006,
Iceland,ROADACCID,DEATH,1000000HAB,A,2016,53.66102332,
Iceland,ROADACCID,DEATH,1000000HAB,A,2017,46.59289458,
Iceland,ROADACCID,DEATH,1000000HAB,A,2018,51.03183536,
Iceland,ROADACCID,DEATH,1000000HAB,A,2019,16.60610053,
New Zealand,ROADACCID,DEATH,1000000HAB,A,1994,160.2209945,
New Zealand,ROADACCID,DEATH,1000000HAB,A,1995,158.436326,
New Zealand,ROADACCID,DEATH,1000000HAB,A,1996,137.7277599,
New Zealand,ROADACCID,DEATH,1000000HAB,A,1997,142.5435697,
New Zealand,ROADACCID,DEATH,1000000HAB,A,1998,131.3237221,
New Zealand,ROADACCID,DEATH,1000000HAB,A,1999,132.7214414,
New Zealand,ROADACCID,DEATH,1000000HAB,A,2000,119.760479,
New Zealand,ROADACCID,DEATH,1000000HAB,A,2001,117.2529313,
New Zealand,ROADACCID,DEATH,1000000HAB,A,2002,102.5705964,
New Zealand,ROADACCID,DEATH,1000000HAB,A,2003,114.4715932,
New Zealand,ROADACCID,DEATH,1000000HAB,A,2004,106.4220183,
New Zealand,ROADACCID,DEATH,1000000HAB,A,2005,97.97043954,
New Zealand,ROADACCID,DEATH,1000000HAB,A,2006,93.91578646,
New Zealand,ROADACCID,DEATH,1000000HAB,A,2007,99.67327998,
New Zealand,ROADACCID,DEATH,1000000HAB,A,2008,85.91952674,
New Zealand,ROADACCID,DEATH,1000000HAB,A,2009,89.24836146,
New Zealand,ROADACCID,DEATH,1000000HAB,A,2010,86.19302641,
New Zealand,ROADACCID,DEATH,1000000HAB,A,2011,64.7810219,
New Zealand,ROADACCID,DEATH,1000000HAB,A,2012,69.87137315,
New Zealand,ROADACCID,DEATH,1000000HAB,A,2013,56.95504379,
New Zealand,ROADACCID,DEATH,1000000HAB,A,2014,64.74931814,
New Zealand,ROADACCID,DEATH,1000000HAB,A,2015,68.97752247,
New Zealand,ROADACCID,DEATH,1000000HAB,A,2016,69.67527487,
New Zealand,ROADACCID,DEATH,1000000HAB,A,2017,78.85020547,
New Zealand,ROADACCID,DEATH,1000000HAB,A,2018,78.08304069,
New Zealand,ROADACCID,DEATH,1000000HAB,A,2019,71.58836689,
United States of America,ROADACCID,DEATH,1000000HAB,A,1994,154.7395544,
United States of America,ROADACCID,DEATH,1000000HAB,A,1995,157.0426396,
United States of America,ROADACCID,DEATH,1000000HAB,A,1996,156.146759,
United States of America,ROADACCID,DEATH,1000000HAB,A,1997,154.0873698,
United States of America,ROADACCID,DEATH,1000000HAB,A,1998,150.4455255,
United States of America,ROADACCID,DEATH,1000000HAB,A,1999,149.5018635,
United States of America,ROADACCID,DEATH,1000000HAB,A,2000,148.6555202,
United States of America,ROADACCID,DEATH,1000000HAB,A,2001,148.0722698,
United States of America,ROADACCID,DEATH,1000000HAB,A,2002,149.5175007,
United States of America,ROADACCID,DEATH,1000000HAB,A,2003,147.8208457,
United States of America,ROADACCID,DEATH,1000000HAB,A,2004,146.2951671,
United States of America,ROADACCID,DEATH,1000000HAB,A,2005,147.2336923,
United States of America,ROADACCID,DEATH,1000000HAB,A,2006,143.13296,
United States of America,ROADACCID,DEATH,1000000HAB,A,2007,136.9678806,
United States of America,ROADACCID,DEATH,1000000HAB,A,2008,123.0639348,
United States of America,ROADACCID,DEATH,1000000HAB,A,2009,110.4502758,
United States of America,ROADACCID,DEATH,1000000HAB,A,2010,106.6818255,
United States of America,ROADACCID,DEATH,1000000HAB,A,2011,104.247419,
United States of America,ROADACCID,DEATH,1000000HAB,A,2012,106.9397257,
United States of America,ROADACCID,DEATH,1000000HAB,A,2013,103.5431986,
United States of America,ROADACCID,DEATH,1000000HAB,A,2014,102.6544032,
United States of America,ROADACCID,DEATH,1000000HAB,A,2015,110.6709559,
United States of America,ROADACCID,DEATH,1000000HAB,A,2016,115.9994052,
United States of America,ROADACCID,DEATH,1000000HAB,A,2017,114.2604687,
United States of America,ROADACCID,DEATH,1000000HAB,A,2018,112.4928254,E
Portugal,ROADACCID,DEATH,1000000HAB,A,1994,219.7862689,
Portugal,ROADACCID,DEATH,1000000HAB,A,1995,239.0741994,
Portugal,ROADACCID,DEATH,1000000HAB,A,1996,237.8788835,
Portugal,ROADACCID,DEATH,1000000HAB,A,1997,218.6175713,
Portugal,ROADACCID,DEATH,1000000HAB,A,1998,209.2479318,
Portugal,ROADACCID,DEATH,1000000HAB,A,1999,195.2469742,
Portugal,ROADACCID,DEATH,1000000HAB,A,2000,180.4682612,
Portugal,ROADACCID,DEATH,1000000HAB,A,2001,161.251069,
Portugal,ROADACCID,DEATH,1000000HAB,A,2002,160.7542532,
Portugal,ROADACCID,DEATH,1000000HAB,A,2003,147.8178085,
Portugal,ROADACCID,DEATH,1000000HAB,A,2004,123.4278097,
Portugal,ROADACCID,DEATH,1000000HAB,A,2005,118.7242522,
Portugal,ROADACCID,DEATH,1000000HAB,A,2006,92.09023741,
Portugal,ROADACCID,DEATH,1000000HAB,A,2007,92.38388749,
Portugal,ROADACCID,DEATH,1000000HAB,A,2008,83.82128847,
Portugal,ROADACCID,DEATH,1000000HAB,A,2009,69.73720429,
Portugal,ROADACCID,DEATH,1000000HAB,A,2010,88.62112342,
Portugal,ROADACCID,DEATH,1000000HAB,A,2011,84.39450024,
Portugal,ROADACCID,DEATH,1000000HAB,A,2012,68.28441772,
Portugal,ROADACCID,DEATH,1000000HAB,A,2013,60.91441429,
Portugal,ROADACCID,DEATH,1000000HAB,A,2014,61.3398901,
Portugal,ROADACCID,DEATH,1000000HAB,A,2015,57.25001438,
Portugal,ROADACCID,DEATH,1000000HAB,A,2016,54.52545806,
Portugal,ROADACCID,DEATH,1000000HAB,A,2017,58.44489966,
Portugal,ROADACCID,DEATH,1000000HAB,A,2018,65.6370754,
Portugal,ROADACCID,DEATH,1000000HAB,A,2019,60.47081348,
South Korea,ROADACCID,DEATH,1000000HAB,A,1994,225.9554666,
South Korea,ROADACCID,DEATH,1000000HAB,A,1995,228.9269301,
South Korea,ROADACCID,DEATH,1000000HAB,A,1996,277.937148,
South Korea,ROADACCID,DEATH,1000000HAB,A,1997,252.4939297,
South Korea,ROADACCID,DEATH,1000000HAB,A,1998,195.6725916,
South Korea,ROADACCID,DEATH,1000000HAB,A,1999,200.6363517,
South Korea,ROADACCID,DEATH,1000000HAB,A,2000,217.749656,
South Korea,ROADACCID,DEATH,1000000HAB,A,2001,170.9303772,
South Korea,ROADACCID,DEATH,1000000HAB,A,2002,151.5802291,
South Korea,ROADACCID,DEATH,1000000HAB,A,2003,150.5877872,
South Korea,ROADACCID,DEATH,1000000HAB,A,2004,136.4945127,
South Korea,ROADACCID,DEATH,1000000HAB,A,2005,132.3245427,
South Korea,ROADACCID,DEATH,1000000HAB,A,2006,130.6197997,
South Korea,ROADACCID,DEATH,1000000HAB,A,2007,126.6544624,
South Korea,ROADACCID,DEATH,1000000HAB,A,2008,119.6623166,
South Korea,ROADACCID,DEATH,1000000HAB,A,2009,118.3990333,
South Korea,ROADACCID,DEATH,1000000HAB,A,2010,111.09068,
South Korea,ROADACCID,DEATH,1000000HAB,A,2011,104.7126961,
South Korea,ROADACCID,DEATH,1000000HAB,A,2012,107.4106731,
South Korea,ROADACCID,DEATH,1000000HAB,A,2013,100.9738604,
South Korea,ROADACCID,DEATH,1000000HAB,A,2014,93.83868995,
South Korea,ROADACCID,DEATH,1000000HAB,A,2015,90.58129571,
South Korea,ROADACCID,DEATH,1000000HAB,A,2016,83.79898685,
South Korea,ROADACCID,DEATH,1000000HAB,A,2017,81.48061313,
South Korea,ROADACCID,DEATH,1000000HAB,A,2018,73.26577574,
South Korea,ROADACCID,DEATH,1000000HAB,A,2019,64.76616552,
Romania,ROADACCID,DEATH,1000000HAB,A,1994,126.5716363,
Romania,ROADACCID,DEATH,1000000HAB,A,1995,125.4173046,
Romania,ROADACCID,DEATH,1000000HAB,A,1996,125.7791899,
Romania,ROADACCID,DEATH,1000000HAB,A,1997,126.9399128,
Romania,ROADACCID,DEATH,1000000HAB,A,1998,123.4263803,
Romania,ROADACCID,DEATH,1000000HAB,A,1999,111.4718557,
Romania,ROADACCID,DEATH,1000000HAB,A,2000,111.348894,
Romania,ROADACCID,DEATH,1000000HAB,A,2001,111.1966083,
Romania,ROADACCID,DEATH,1000000HAB,A,2002,110.35183,
Romania,ROADACCID,DEATH,1000000HAB,A,2003,103.5953568,
Romania,ROADACCID,DEATH,1000000HAB,A,2004,112.7180871,
Romania,ROADACCID,DEATH,1000000HAB,A,2005,123.8761267,
Romania,ROADACCID,DEATH,1000000HAB,A,2006,122.0642302,
Romania,ROADACCID,DEATH,1000000HAB,A,2007,134.080468,
Romania,ROADACCID,DEATH,1000000HAB,A,2008,149.2364716,
Romania,ROADACCID,DEATH,1000000HAB,A,2009,137.3267109,
Romania,ROADACCID,DEATH,1000000HAB,A,2010,117.4008567,
Romania,ROADACCID,DEATH,1000000HAB,A,2011,100.1611711,
Romania,ROADACCID,DEATH,1000000HAB,A,2012,101.8045885,
Romania,ROADACCID,DEATH,1000000HAB,A,2013,93.12593023,
Romania,ROADACCID,DEATH,1000000HAB,A,2014,91.31558178,
Romania,ROADACCID,DEATH,1000000HAB,A,2015,95.53071678,
Romania,ROADACCID,DEATH,1000000HAB,A,2016,97.09542562,
Romania,ROADACCID,DEATH,1000000HAB,A,2017,99.60540738,
Romania,ROADACCID,DEATH,1000000HAB,A,2018,95.87858187,
Romania,ROADACCID,DEATH,1000000HAB,A,2019,96.29818215,
Japan,ROADACCID,DEATH,1000000HAB,A,1994,102.2078889,
Japan,ROADACCID,DEATH,1000000HAB,A,1995,101.0451295,
Japan,ROADACCID,DEATH,1000000HAB,A,1996,92.83777444,
Japan,ROADACCID,DEATH,1000000HAB,A,1997,89.29293891,
Japan,ROADACCID,DEATH,1000000HAB,A,1998,85.50632911,
Japan,ROADACCID,DEATH,1000000HAB,A,1999,81.95465565,
Japan,ROADACCID,DEATH,1000000HAB,A,2000,82.0699605,
Japan,ROADACCID,DEATH,1000000HAB,A,2001,79.20628554,
Japan,ROADACCID,DEATH,1000000HAB,A,2002,75.67970497,
Japan,ROADACCID,DEATH,1000000HAB,A,2003,70.02928326,
Japan,ROADACCID,DEATH,1000000HAB,A,2004,67.09402713,
Japan,ROADACCID,DEATH,1000000HAB,A,2005,62.58755762,
Japan,ROADACCID,DEATH,1000000HAB,A,2006,57.37794672,
Japan,ROADACCID,DEATH,1000000HAB,A,2007,52.30427887,
Japan,ROADACCID,DEATH,1000000HAB,A,2008,47.46882394,
Japan,ROADACCID,DEATH,1000000HAB,A,2009,45.60825322,
Japan,ROADACCID,DEATH,1000000HAB,A,2010,45.50636371,
Japan,ROADACCID,DEATH,1000000HAB,A,2011,43.29867874,
Japan,ROADACCID,DEATH,1000000HAB,A,2012,41.22103911,
Japan,ROADACCID,DEATH,1000000HAB,A,2013,40.52728628,
Japan,ROADACCID,DEATH,1000000HAB,A,2014,38.00402275,
Japan,ROADACCID,DEATH,1000000HAB,A,2015,38.42190953,
Japan,ROADACCID,DEATH,1000000HAB,A,2016,36.99372487,
Japan,ROADACCID,DEATH,1000000HAB,A,2017,34.94870959,
Japan,ROADACCID,DEATH,1000000HAB,A,2018,32.92523222,
Japan,ROADACCID,DEATH,1000000HAB,A,2019,31.0458333,
Georgia,ROADACCID,DEATH,1000000HAB,A,1994,102.1489323,
Georgia,ROADACCID,DEATH,1000000HAB,A,1995,96.61375239,
Georgia,ROADACCID,DEATH,1000000HAB,A,1996,97.2905798,
Georgia,ROADACCID,DEATH,1000000HAB,A,1997,103.2204552,
Georgia,ROADACCID,DEATH,1000000HAB,A,1998,109.8122423,
Georgia,ROADACCID,DEATH,1000000HAB,A,1999,129.6548247,
Georgia,ROADACCID,DEATH,1000000HAB,A,2000,122.635255,
Georgia,ROADACCID,DEATH,1000000HAB,A,2001,139.0005363,
Georgia,ROADACCID,DEATH,1000000HAB,A,2002,129.445283,
Georgia,ROADACCID,DEATH,1000000HAB,A,2003,144.7465114,
Georgia,ROADACCID,DEATH,1000000HAB,A,2004,162.1962957,
Georgia,ROADACCID,DEATH,1000000HAB,A,2005,148.8801064,
Georgia,ROADACCID,DEATH,1000000HAB,A,2006,173.953515,
Georgia,ROADACCID,DEATH,1000000HAB,A,2007,190.9248274,
Georgia,ROADACCID,DEATH,1000000HAB,A,2008,225.2855631,
Georgia,ROADACCID,DEATH,1000000HAB,A,2009,193.4763853,
Georgia,ROADACCID,DEATH,1000000HAB,A,2010,180.8965338,
Georgia,ROADACCID,DEATH,1000000HAB,A,2011,140.0261577,
Georgia,ROADACCID,DEATH,1000000HAB,A,2012,162.2473701,
Georgia,ROADACCID,DEATH,1000000HAB,A,2013,138.2587149,
Georgia,ROADACCID,DEATH,1000000HAB,A,2014,137.3872336,
Georgia,ROADACCID,DEATH,1000000HAB,A,2015,161.5987648,
Georgia,ROADACCID,DEATH,1000000HAB,A,2016,155.8683355,
Georgia,ROADACCID,DEATH,1000000HAB,A,2017,138.6801087,
Georgia,ROADACCID,DEATH,1000000HAB,A,2018,123.1702575,
Georgia,ROADACCID,DEATH,1000000HAB,A,2019,129.2877989,
Belarus,ROADACCID,DEATH,1000000HAB,A,1994,163.2932434,
Belarus,ROADACCID,DEATH,1000000HAB,A,1995,174.7106141,
Belarus,ROADACCID,DEATH,1000000HAB,A,1996,170.2755906,
Belarus,ROADACCID,DEATH,1000000HAB,A,1997,176.6333893,
Belarus,ROADACCID,DEATH,1000000HAB,A,1998,183.6329328,
Belarus,ROADACCID,DEATH,1000000HAB,A,1999,176.6277328,
Belarus,ROADACCID,DEATH,1000000HAB,A,2000,159.7256807,
Belarus,ROADACCID,DEATH,1000000HAB,A,2001,160.7485646,
Belarus,ROADACCID,DEATH,1000000HAB,A,2002,175.1549939,
Belarus,ROADACCID,DEATH,1000000HAB,A,2003,180.0597321,
Belarus,ROADACCID,DEATH,1000000HAB,A,2004,173.4814668,
Belarus,ROADACCID,DEATH,1000000HAB,A,2005,173.1182445,
Belarus,ROADACCID,DEATH,1000000HAB,A,2006,179.6994958,
Belarus,ROADACCID,DEATH,1000000HAB,A,2007,158.7707836,
Belarus,ROADACCID,DEATH,1000000HAB,A,2008,164.1480334,
Belarus,ROADACCID,DEATH,1000000HAB,A,2009,139.0588702,
Belarus,ROADACCID,DEATH,1000000HAB,A,2010,125.3874499,
Belarus,ROADACCID,DEATH,1000000HAB,A,2011,126.6735155,
Belarus,ROADACCID,DEATH,1000000HAB,A,2012,109.7787045,
Belarus,ROADACCID,DEATH,1000000HAB,A,2013,94.44330058,
Belarus,ROADACCID,DEATH,1000000HAB,A,2014,79.89858263,
Belarus,ROADACCID,DEATH,1000000HAB,A,2015,69.97121907,
Belarus,ROADACCID,DEATH,1000000HAB,A,2016,61.88474408,
Belarus,ROADACCID,DEATH,1000000HAB,A,2017,62.01133175,
Belarus,ROADACCID,DEATH,1000000HAB,A,2018,57.89002561,
Belarus,ROADACCID,DEATH,1000000HAB,A,2019,53.34400354,
Greece,ROADACCID,DEATH,1000000HAB,A,1994,181.5860519,
Greece,ROADACCID,DEATH,1000000HAB,A,1995,193.4264728,
Greece,ROADACCID,DEATH,1000000HAB,A,1996,203.3217706,
Greece,ROADACCID,DEATH,1000000HAB,A,1997,197.4438479,
Greece,ROADACCID,DEATH,1000000HAB,A,1998,203.535112,
Greece,ROADACCID,DEATH,1000000HAB,A,1999,196.6232466,
Greece,ROADACCID,DEATH,1000000HAB,A,2000,188.5097348,
Greece,ROADACCID,DEATH,1000000HAB,A,2001,173.0783607,
Greece,ROADACCID,DEATH,1000000HAB,A,2002,149.8804534,
Greece,ROADACCID,DEATH,1000000HAB,A,2003,146.8694838,
Greece,ROADACCID,DEATH,1000000HAB,A,2004,152.4398454,
Greece,ROADACCID,DEATH,1000000HAB,A,2005,150.9013031,
Greece,ROADACCID,DEATH,1000000HAB,A,2006,150.3580372,
Greece,ROADACCID,DEATH,1000000HAB,A,2007,145.9025152,
Greece,ROADACCID,DEATH,1000000HAB,A,2008,140.1897716,
Greece,ROADACCID,DEATH,1000000HAB,A,2009,131.0883021,
Greece,ROADACCID,DEATH,1000000HAB,A,2010,113.1158554,
Greece,ROADACCID,DEATH,1000000HAB,A,2011,102.7474451,
Greece,ROADACCID,DEATH,1000000HAB,A,2012,89.45215175,
Greece,ROADACCID,DEATH,1000000HAB,A,2013,80.16261611,
Greece,ROADACCID,DEATH,1000000HAB,A,2014,72.9865825,
Greece,ROADACCID,DEATH,1000000HAB,A,2015,73.28422274,
Greece,ROADACCID,DEATH,1000000HAB,A,2016,76.46642702,
Greece,ROADACCID,DEATH,1000000HAB,A,2017,67.97041548,
Greece,ROADACCID,DEATH,1000000HAB,A,2018,65.22013379,
Greece,ROADACCID,DEATH,1000000HAB,A,2019,64.94765648,P
Czech Republic,ROADACCID,DEATH,1000000HAB,A,1994,158.415466,
Czech Republic,ROADACCID,DEATH,1000000HAB,A,1995,153.7678994,
Czech Republic,ROADACCID,DEATH,1000000HAB,A,1996,152.008082,
Czech Republic,ROADACCID,DEATH,1000000HAB,A,1997,154.9863836,
Czech Republic,ROADACCID,DEATH,1000000HAB,A,1998,132.1110086,
Czech Republic,ROADACCID,DEATH,1000000HAB,A,1999,141.4838397,
Czech Republic,ROADACCID,DEATH,1000000HAB,A,2000,144.9040342,
Czech Republic,ROADACCID,DEATH,1000000HAB,A,2001,130.5717506,
Czech Republic,ROADACCID,DEATH,1000000HAB,A,2002,140.3365488,
Czech Republic,ROADACCID,DEATH,1000000HAB,A,2003,141.9462707,
Czech Republic,ROADACCID,DEATH,1000000HAB,A,2004,135.5287155,
Czech Republic,ROADACCID,DEATH,1000000HAB,A,2005,125.9399468,
Czech Republic,ROADACCID,DEATH,1000000HAB,A,2006,103.8196956,
Czech Republic,ROADACCID,DEATH,1000000HAB,A,2007,118.6542779,
Czech Republic,ROADACCID,DEATH,1000000HAB,A,2008,103.6149384,
Czech Republic,ROADACCID,DEATH,1000000HAB,A,2009,86.27015715,
Czech Republic,ROADACCID,DEATH,1000000HAB,A,2010,76.56755846,
Czech Republic,ROADACCID,DEATH,1000000HAB,A,2011,73.6464862,
Czech Republic,ROADACCID,DEATH,1000000HAB,A,2012,70.59415638,
Czech Republic,ROADACCID,DEATH,1000000HAB,A,2013,62.20116809,
Czech Republic,ROADACCID,DEATH,1000000HAB,A,2014,65.36601596,
Czech Republic,ROADACCID,DEATH,1000000HAB,A,2015,69.97874751,
Czech Republic,ROADACCID,DEATH,1000000HAB,A,2016,57.82517528,
Czech Republic,ROADACCID,DEATH,1000000HAB,A,2017,54.46253968,
Czech Republic,ROADACCID,DEATH,1000000HAB,A,2018,61.71255346,
Czech Republic,ROADACCID,DEATH,1000000HAB,A,2019,57.92097985,
Albania,ROADACCID,DEATH,1000000HAB,A,1994,131.2533982,
Albania,ROADACCID,DEATH,1000000HAB,A,1995,95.99144735,
Albania,ROADACCID,DEATH,1000000HAB,A,1996,80.80723907,
Albania,ROADACCID,DEATH,1000000HAB,A,1997,84.49055215,
Albania,ROADACCID,DEATH,1000000HAB,A,1998,98.44879224,
Albania,ROADACCID,DEATH,1000000HAB,A,1999,88.13752542,
Albania,ROADACCID,DEATH,1000000HAB,A,2000,90.64342914,
Albania,ROADACCID,DEATH,1000000HAB,A,2001,97.05333653,
Albania,ROADACCID,DEATH,1000000HAB,A,2002,81.94007886,
Albania,ROADACCID,DEATH,1000000HAB,A,2003,85.53712048,
Albania,ROADACCID,DEATH,1000000HAB,A,2004,104.0655263,
Albania,ROADACCID,DEATH,1000000HAB,A,2005,102.2750555,
Albania,ROADACCID,DEATH,1000000HAB,A,2006,92.5632914,
Albania,ROADACCID,DEATH,1000000HAB,A,2007,129.2921892,
Albania,ROADACCID,DEATH,1000000HAB,A,2008,102.8054697,
Albania,ROADACCID,DEATH,1000000HAB,A,2009,129.1195719,
Albania,ROADACCID,DEATH,1000000HAB,A,2010,121.1800396,
Albania,ROADACCID,DEATH,1000000HAB,A,2011,110.8359336,
Albania,ROADACCID,DEATH,1000000HAB,A,2012,115.1564904,
Albania,ROADACCID,DEATH,1000000HAB,A,2013,101.8965891,
Albania,ROADACCID,DEATH,1000000HAB,A,2014,91.37781125,
Albania,ROADACCID,DEATH,1000000HAB,A,2015,93.72712147,
Albania,ROADACCID,DEATH,1000000HAB,A,2016,93.5293997,
Albania,ROADACCID,DEATH,1000000HAB,A,2017,77.2588558,
Albania,ROADACCID,DEATH,1000000HAB,A,2018,74.30986026,
Albania,ROADACCID,DEATH,1000000HAB,A,2019,79.53216866,
Spain,ROADACCID,DEATH,1000000HAB,A,1994,141.9753892,
Spain,ROADACCID,DEATH,1000000HAB,A,1995,144.773758,
Spain,ROADACCID,DEATH,1000000HAB,A,1996,137.4535057,
Spain,ROADACCID,DEATH,1000000HAB,A,1997,139.899283,
Spain,ROADACCID,DEATH,1000000HAB,A,1998,148.0974721,
Spain,ROADACCID,DEATH,1000000HAB,A,1999,142.07586,
Spain,ROADACCID,DEATH,1000000HAB,A,2000,142.3787065,
Spain,ROADACCID,DEATH,1000000HAB,A,2001,135.0537175,
Spain,ROADACCID,DEATH,1000000HAB,A,2002,129.0562136,
Spain,ROADACCID,DEATH,1000000HAB,A,2003,127.9758564,
Spain,ROADACCID,DEATH,1000000HAB,A,2004,110.4564465,
Spain,ROADACCID,DEATH,1000000HAB,A,2005,101.7566772,
Spain,ROADACCID,DEATH,1000000HAB,A,2006,92.43801411,
Spain,ROADACCID,DEATH,1000000HAB,A,2007,84.52952113,
Spain,ROADACCID,DEATH,1000000HAB,A,2008,67.45860751,
Spain,ROADACCID,DEATH,1000000HAB,A,2009,58.53812655,
Spain,ROADACCID,DEATH,1000000HAB,A,2010,53.20234193,
Spain,ROADACCID,DEATH,1000000HAB,A,2011,44.07105563,
Spain,ROADACCID,DEATH,1000000HAB,A,2012,40.68581794,
Spain,ROADACCID,DEATH,1000000HAB,A,2013,36.03600125,
Spain,ROADACCID,DEATH,1000000HAB,A,2014,36.31600622,
Spain,ROADACCID,DEATH,1000000HAB,A,2015,36.36572525,
Spain,ROADACCID,DEATH,1000000HAB,A,2016,38.93807731,
Spain,ROADACCID,DEATH,1000000HAB,A,2017,39.2760872,
Spain,ROADACCID,DEATH,1000000HAB,A,2018,38.59159566,
Netherlands,ROADACCID,DEATH,1000000HAB,A,1994,84.37974839,
Netherlands,ROADACCID,DEATH,1000000HAB,A,1995,86.29274094,
Netherlands,ROADACCID,DEATH,1000000HAB,A,1996,80.55118387,B
Netherlands,ROADACCID,DEATH,1000000HAB,A,1997,79.11265706,
Netherlands,ROADACCID,DEATH,1000000HAB,A,1998,73.15112443,
Netherlands,ROADACCID,DEATH,1000000HAB,A,1999,75.00590687,
Netherlands,ROADACCID,DEATH,1000000HAB,A,2000,73.21585182,
Netherlands,ROADACCID,DEATH,1000000HAB,A,2001,67.4926992,
Netherlands,ROADACCID,DEATH,1000000HAB,A,2002,66.01056949,
Netherlands,ROADACCID,DEATH,1000000HAB,A,2003,67.05576266,
Netherlands,ROADACCID,DEATH,1000000HAB,A,2004,54.10956628,
Netherlands,ROADACCID,DEATH,1000000HAB,A,2005,50.06167942,
Netherlands,ROADACCID,DEATH,1000000HAB,A,2006,49.61427805,
Netherlands,ROADACCID,DEATH,1000000HAB,A,2007,48.28559876,
Netherlands,ROADACCID,DEATH,1000000HAB,A,2008,45.60492285,
Netherlands,ROADACCID,DEATH,1000000HAB,A,2009,43.55614641,
Netherlands,ROADACCID,DEATH,1000000HAB,A,2010,38.51849676,
Netherlands,ROADACCID,DEATH,1000000HAB,A,2011,39.59726052,
Netherlands,ROADACCID,DEATH,1000000HAB,A,2012,38.79447772,
Netherlands,ROADACCID,DEATH,1000000HAB,A,2013,33.91962311,
Netherlands,ROADACCID,DEATH,1000000HAB,A,2014,33.79779008,
Netherlands,ROADACCID,DEATH,1000000HAB,A,2015,36.65896238,
Netherlands,ROADACCID,DEATH,1000000HAB,A,2016,36.93413991,
Netherlands,ROADACCID,DEATH,1000000HAB,A,2017,35.78246503,
Netherlands,ROADACCID,DEATH,1000000HAB,A,2018,39.34626243,
Netherlands,ROADACCID,DEATH,1000000HAB,A,2019,38.13567878,
Israel,ROADACCID,DEATH,1000000HAB,A,1994,126.8753473,
Israel,ROADACCID,DEATH,1000000HAB,A,1995,127.8629396,
Israel,ROADACCID,DEATH,1000000HAB,A,1996,105.5867885,
Israel,ROADACCID,DEATH,1000000HAB,A,1997,107.4366004,
Israel,ROADACCID,DEATH,1000000HAB,A,1998,106.5148216,
Israel,ROADACCID,DEATH,1000000HAB,A,1999,89.63265306,
Israel,ROADACCID,DEATH,1000000HAB,A,2000,82.04802035,
Israel,ROADACCID,DEATH,1000000HAB,A,2001,87.74654449,
Israel,ROADACCID,DEATH,1000000HAB,A,2002,83.40943683,
Israel,ROADACCID,DEATH,1000000HAB,A,2003,71.75209651,
Israel,ROADACCID,DEATH,1000000HAB,A,2004,74.16654428,
Israel,ROADACCID,DEATH,1000000HAB,A,2005,67.09859887,
Israel,ROADACCID,DEATH,1000000HAB,A,2006,62.23684024,
Israel,ROADACCID,DEATH,1000000HAB,A,2007,57.7986379,
Israel,ROADACCID,DEATH,1000000HAB,A,2008,59.24365149,
Israel,ROADACCID,DEATH,1000000HAB,A,2009,46.22207973,
Israel,ROADACCID,DEATH,1000000HAB,A,2010,49.18935936,
Israel,ROADACCID,DEATH,1000000HAB,A,2011,49.19003837,
Israel,ROADACCID,DEATH,1000000HAB,A,2012,36.66013526,
Israel,ROADACCID,DEATH,1000000HAB,A,2013,38.33984739,B
Israel,ROADACCID,DEATH,1000000HAB,A,2014,38.82809742,
Israel,ROADACCID,DEATH,1000000HAB,A,2015,42.4815933,
Israel,ROADACCID,DEATH,1000000HAB,A,2016,44.11420548,
Israel,ROADACCID,DEATH,1000000HAB,A,2017,41.7752172,
Israel,ROADACCID,DEATH,1000000HAB,A,2018,35.57436844,
Israel,ROADACCID,DEATH,1000000HAB,A,2019,39.21222096,
Argentina,ROADACCID,DEATH,1000000HAB,A,2008,143.6870511,
Argentina,ROADACCID,DEATH,1000000HAB,A,2009,128.9189865,
Argentina,ROADACCID,DEATH,1000000HAB,A,2010,124.8882864,
Argentina,ROADACCID,DEATH,1000000HAB,A,2011,122.1477945,
Argentina,ROADACCID,DEATH,1000000HAB,A,2012,121.5816512,
Argentina,ROADACCID,DEATH,1000000HAB,A,2013,123.4274346,
Argentina,ROADACCID,DEATH,1000000HAB,A,2014,123.7183468,
Argentina,ROADACCID,DEATH,1000000HAB,A,2016,128.0558127,
Argentina,ROADACCID,DEATH,1000000HAB,A,2017,123.0564935,P
Chile,ROADACCID,DEATH,1000000HAB,A,1994,161.6931402,
Chile,ROADACCID,DEATH,1000000HAB,A,1995,170.8520196,
Chile,ROADACCID,DEATH,1000000HAB,A,1996,171.5525143,
Chile,ROADACCID,DEATH,1000000HAB,A,1997,165.5527917,
Chile,ROADACCID,DEATH,1000000HAB,A,1998,170.0324074,
Chile,ROADACCID,DEATH,1000000HAB,A,1999,141.8933179,
Chile,ROADACCID,DEATH,1000000HAB,A,2000,143.8762359,
Chile,ROADACCID,DEATH,1000000HAB,A,2001,130.8704055,
Chile,ROADACCID,DEATH,1000000HAB,A,2002,128.2228741,
Chile,ROADACCID,DEATH,1000000HAB,A,2003,139.6813003,
Chile,ROADACCID,DEATH,1000000HAB,A,2004,142.4604515,
Chile,ROADACCID,DEATH,1000000HAB,A,2005,130.5404697,
Chile,ROADACCID,DEATH,1000000HAB,A,2006,131.2360191,
Chile,ROADACCID,DEATH,1000000HAB,A,2007,129.3693148,
Chile,ROADACCID,DEATH,1000000HAB,A,2008,138.6500017,
Chile,ROADACCID,DEATH,1000000HAB,A,2009,116.0179096,
Chile,ROADACCID,DEATH,1000000HAB,A,2010,121.2949822,
Chile,ROADACCID,DEATH,1000000HAB,A,2011,118.5824695,
Chile,ROADACCID,DEATH,1000000HAB,A,2012,113.710376,
Chile,ROADACCID,DEATH,1000000HAB,A,2013,119.7051568,
Chile,ROADACCID,DEATH,1000000HAB,A,2014,119.173652,
Chile,ROADACCID,DEATH,1000000HAB,A,2015,118.8634894,
Chile,ROADACCID,DEATH,1000000HAB,A,2016,119.5832758,
Chile,ROADACCID,DEATH,1000000HAB,A,2017,104.2368295,
Chile,ROADACCID,DEATH,1000000HAB,A,2018,104.3933631,
Chile,ROADACCID,DEATH,1000000HAB,A,2019,104.0943459,B
Morocco,ROADACCID,DEATH,1000000HAB,A,2000,125.9651467,
Morocco,ROADACCID,DEATH,1000000HAB,A,2010,116.8090332,
Morocco,ROADACCID,DEATH,1000000HAB,A,2011,128.790779,
Morocco,ROADACCID,DEATH,1000000HAB,A,2012,125.3538531,
Morocco,ROADACCID,DEATH,1000000HAB,A,2013,113.6562728,
Morocco,ROADACCID,DEATH,1000000HAB,A,2014,102.0403776,
Morocco,ROADACCID,DEATH,1000000HAB,A,2015,108.9327039,
Morocco,ROADACCID,DEATH,1000000HAB,A,2016,107.7540313,
Morocco,ROADACCID,DEATH,1000000HAB,A,2017,104.7179453,
Morocco,ROADACCID,DEATH,1000000HAB,A,2018,96.72726558,